course_code,prerequisite,group_id,logic_type
15-418,15-213,1,ANY
76-324,76-101,1,ALL
76-324,76-102,2,ALL
76-324,76-107,3,ALL
76-324,76-106,3,ALL
76-324,76-107,4,ALL
76-324,76-108,4,ALL
76-324,76-108,5,ALL
76-324,76-106,5,ALL
70-476,36-208,1,ANY
70-476,70-208,1,ANY
70-476,36-202,1,ANY
70-476,70-371,2,ALL
33-211,33-107,1,ALL
33-211,33-142,2,ALL
33-211,33-122,3,ALL
33-211,33-132,4,ALL
33-211,33-112,5,ALL
33-211,33-152,6,ALL
76-261,76-101,1,ALL
76-261,76-102,2,ALL
76-261,76-107,3,ALL
76-261,76-106,3,ALL
76-261,76-108,4,ALL
76-261,76-106,4,ALL
76-261,76-107,5,ALL
76-261,76-108,5,ALL
82-343,82-244,1,ALL
82-343,82-242,2,ALL
76-373,76-101,1,ALL
76-373,76-102,2,ALL
76-373,76-107,3,ALL
76-373,76-106,3,ALL
76-373,76-107,4,ALL
76-373,76-108,4,ALL
76-373,76-108,5,ALL
76-373,76-106,5,ALL
09-209,09-219,1,ALL
09-209,09-217,2,ALL
03-439,03-121,1,ANY
03-439,03-151,1,ANY
03-439,33-142,2,ANY
03-439,33-112,2,ANY
03-439,33-152,2,ANY
03-439,33-122,2,ANY
03-439,33-132,2,ANY
03-439,33-107,2,ANY
76-365,76-101,1,ANY
76-365,76-107,1,ANY
76-365,76-102,1,ANY
76-365,76-106,1,ANY
76-365,76-108,1,ANY
76-365,76-265,2,ALL
82-355,82-242,1,ANY
70-437,76-101,1,ALL
70-437,76-102,2,ALL
70-437,76-107,3,ALL
70-437,76-106,3,ALL
70-437,76-106,4,ALL
70-437,76-108,4,ALL
70-437,76-107,5,ALL
70-437,76-108,5,ALL
76-220,76-101,1,ALL
76-220,76-102,2,ALL
76-220,76-107,3,ALL
76-220,76-106,3,ALL
76-220,76-108,4,ALL
76-220,76-106,4,ALL
76-220,76-107,5,ALL
76-220,76-108,5,ALL
18-487,18-213,1,ALL
21-300,15-251,1,ALL
21-300,21-373,2,ALL
21-300,21-228,3,ALL
73-310,21-120,1,ANY
73-310,21-112,1,ANY
73-310,21-259,2,ANY
73-310,21-268,2,ANY
73-310,21-256,2,ANY
73-310,21-269,2,ANY
73-310,73-100,3,ALL
73-310,73-230,4,ALL
73-310,73-240,5,ALL
67-379,67-262,1,ANY
36-225,21-112,1,ALL
36-225,21-111,1,ALL
36-225,21-120,2,ALL
36-225,21-256,3,ALL
36-225,21-259,4,ALL
70-460,21-292,1,ALL
70-460,70-257,2,ALL
70-460,21-257,3,ALL
76-332,76-101,1,ANY
73-469,21-259,1,ANY
73-469,21-268,1,ANY
73-469,21-256,1,ANY
73-469,21-269,1,ANY
73-469,73-160,2,ANY
73-469,73-230,2,ANY
03-252,03-151,1,ALL
03-252,03-121,2,ALL
85-352,85-102,1,ALL
85-352,85-211,2,ALL
85-352,85-251,3,ALL
85-352,85-241,4,ALL
85-352,85-221,5,ALL
76-430,76-101,1,ALL
76-430,76-102,2,ALL
76-430,76-107,3,ALL
76-430,76-106,3,ALL
76-430,76-108,4,ALL
76-430,76-106,4,ALL
76-430,76-107,5,ALL
76-430,76-108,5,ALL
36-462,36-401,1,ANY
76-349,76-101,1,ALL
76-349,76-102,2,ALL
76-349,76-107,3,ALL
76-349,76-106,3,ALL
76-349,76-108,4,ALL
76-349,76-106,4,ALL
76-349,76-107,5,ALL
76-349,76-108,5,ALL
76-467,76-101,1,ALL
76-467,76-102,2,ALL
76-467,76-107,3,ALL
76-467,76-106,3,ALL
76-467,76-108,4,ALL
76-467,76-106,4,ALL
76-467,76-107,5,ALL
76-467,76-108,5,ALL
21-269,21-122,1,ALL
21-269,21-127,2,ANY
21-269,15-151,2,ANY
21-269,21-241,3,ANY
21-269,21-242,3,ANY
03-442,03-330,1,ALL
03-442,03-221,2,ALL
03-442,03-220,3,ALL
67-355,67-272,1,ALL
82-142,82-143,1,ALL
82-142,82-141,2,ALL
76-488,76-271,1,ANY
76-488,76-379,1,ANY
76-488,76-270,1,ANY
76-488,76-391,2,ANY
76-488,76-383,2,ANY
76-488,76-382,2,ANY
67-343,15-112,1,ANY
76-471,76-101,1,ALL
76-471,76-102,2,ALL
76-471,76-107,3,ALL
76-471,76-106,3,ALL
76-471,76-108,4,ALL
76-471,76-106,4,ALL
76-471,76-107,5,ALL
76-471,76-108,5,ALL
15-121,15-112,1,ANY
03-511,03-121,1,ANY
03-511,03-151,1,ANY
03-511,15-122,2,ALL
18-540,18-370,1,ANY
18-540,18-320,1,ANY
18-540,18-491,1,ANY
18-540,18-341,2,ANY
18-540,18-340,2,ANY
18-540,18-349,2,ANY
18-540,18-213,3,ALL
18-540,18-220,4,ALL
18-540,18-240,5,ALL
18-540,18-290,6,ALL
82-292,82-291,1,ANY
76-308,76-265,1,ALL
76-308,76-260,2,ALL
76-426,76-101,1,ALL
76-426,76-102,2,ALL
76-426,76-107,3,ALL
76-426,76-106,3,ALL
76-426,76-108,4,ALL
76-426,76-106,4,ALL
76-426,76-107,5,ALL
76-426,76-108,5,ALL
21-228,21-128,1,ALL
21-228,15-151,2,ALL
21-228,21-127,3,ALL
70-374,36-202,1,ALL
70-374,36-208,2,ALL
70-374,36-225,3,ALL
70-374,70-208,4,ALL
03-116,03-115,1,ALL
17-313,15-122,1,ALL
17-313,15-121,2,ALL
09-225,09-105,1,ANY
09-225,09-107,1,ANY
09-225,33-121,2,ANY
09-225,33-141,2,ANY
09-225,33-151,2,ANY
82-380,82-242,1,ANY
15-382,15-122,1,ALL
15-382,36-218,2,ALL
15-382,21-241,3,ALL
15-382,21-127,4,ALL
80-311,15-251,1,ALL
80-311,21-300,2,ALL
80-311,80-310,3,ALL
80-311,80-211,4,ALL
80-311,80-210,5,ALL
70-495,70-391,1,ALL
70-495,21-370,2,ALL
15-414,15-122,1,ALL
15-414,15-251,2,ALL
76-451,76-101,1,ALL
76-451,76-102,2,ALL
76-451,76-107,3,ALL
76-451,76-106,3,ALL
76-451,76-108,4,ALL
76-451,76-106,4,ALL
76-451,76-107,5,ALL
76-451,76-108,5,ALL
76-390,76-101,1,ALL
76-390,76-102,2,ALL
76-390,76-107,3,ALL
76-390,76-106,3,ALL
76-390,76-107,4,ALL
76-390,76-108,4,ALL
76-390,76-108,5,ALL
76-390,76-106,5,ALL
82-436,82-332,1,ALL
82-436,82-338,2,ALL
82-436,82-337,3,ALL
70-354,73-270,1,ALL
70-354,70-340,2,ALL
76-369,76-292,1,ANY
76-386,76-101,1,ALL
76-386,76-102,2,ALL
76-386,76-107,3,ALL
76-386,76-106,3,ALL
76-386,76-107,4,ALL
76-386,76-108,4,ALL
76-386,76-108,5,ALL
76-386,76-106,5,ALL
70-342,76-101,1,ALL
70-342,76-102,2,ALL
70-342,76-107,3,ALL
70-342,76-108,3,ALL
70-342,76-107,4,ALL
70-342,76-106,4,ALL
70-342,76-108,5,ALL
70-342,76-106,5,ALL
03-435,03-221,1,ALL
03-435,03-220,2,ALL
03-435,03-330,3,ALL
76-410,76-101,1,ALL
76-410,76-102,2,ALL
76-410,76-107,3,ALL
76-410,76-106,3,ALL
76-410,76-108,4,ALL
76-410,76-106,4,ALL
76-410,76-107,5,ALL
76-410,76-108,5,ALL
15-455,15-251,1,ANY
76-294,76-101,1,ALL
76-294,76-102,2,ALL
76-294,76-107,3,ALL
76-294,76-106,3,ALL
76-294,76-108,4,ALL
76-294,76-106,4,ALL
76-294,76-107,5,ALL
76-294,76-108,5,ALL
88-251,36-200,1,ALL
88-251,36-207,2,ALL
88-251,36-247,3,ALL
88-251,36-201,4,ALL
70-483,70-381,1,ANY
73-465,21-259,1,ANY
73-465,21-256,1,ANY
73-465,21-268,1,ANY
73-465,21-269,1,ANY
73-465,73-230,2,ALL
33-122,21-120,1,ALL
33-122,33-121,1,ALL
33-122,21-120,2,ALL
33-122,33-151,2,ALL
33-122,21-120,3,ALL
33-122,33-141,3,ALL
33-122,21-120,4,ALL
33-122,33-111,4,ALL
33-122,21-120,5,ALL
33-122,33-131,5,ALL
33-122,21-120,6,ALL
33-122,33-106,6,ALL
76-447,76-101,1,ALL
76-447,76-102,2,ALL
76-447,76-107,3,ALL
76-447,76-106,3,ALL
76-447,76-108,4,ALL
76-447,76-106,4,ALL
76-447,76-107,5,ALL
76-447,76-108,5,ALL
76-345,76-101,1,ALL
76-345,76-102,2,ALL
76-345,76-107,3,ALL
76-345,76-106,3,ALL
76-345,76-108,4,ALL
76-345,76-106,4,ALL
76-345,76-107,5,ALL
76-345,76-108,5,ALL
15-300,15-210,1,ALL
15-300,15-213,1,ALL
15-300,76-101,1,ALL
15-300,15-251,2,ALL
15-300,15-213,2,ALL
15-300,76-101,2,ALL
15-300,15-210,3,ALL
15-300,15-251,3,ALL
15-300,76-101,3,ALL
09-403,09-218,1,ALL
09-403,09-220,2,ALL
70-381,76-102,1,ALL
70-381,76-101,2,ALL
70-381,76-107,3,ALL
70-381,76-106,3,ALL
70-381,76-106,4,ALL
70-381,76-108,4,ALL
70-381,76-107,5,ALL
70-381,76-108,5,ALL
73-367,73-240,1,ALL
73-367,73-230,2,ALL
73-449,21-259,1,ANY
73-449,21-256,1,ANY
73-449,21-268,1,ANY
73-449,21-269,1,ANY
73-449,73-230,2,ALL
73-449,36-201,3,ANY
73-449,36-217,3,ANY
73-449,70-207,3,ANY
73-449,36-220,3,ANY
73-449,36-225,3,ANY
70-339,70-391,1,ALL
76-484,76-101,1,ALL
76-484,76-102,2,ALL
76-484,76-107,3,ALL
76-484,76-106,3,ALL
76-484,76-108,4,ALL
76-484,76-106,4,ALL
76-484,76-107,5,ALL
76-484,76-108,5,ALL
76-241,76-101,1,ALL
76-241,76-102,2,ALL
76-241,76-107,3,ALL
76-241,76-106,3,ALL
76-241,76-108,4,ALL
76-241,76-106,4,ALL
76-241,76-107,5,ALL
76-241,76-108,5,ALL
48-410,48-305,1,ANY
76-492,76-101,1,ALL
76-492,76-102,2,ALL
76-492,76-107,3,ALL
76-492,76-106,3,ALL
76-492,76-106,4,ALL
76-492,76-108,4,ALL
76-492,76-107,5,ALL
76-492,76-108,5,ALL
73-408,21-120,1,ALL
73-408,73-102,2,ANY
73-408,73-104,2,ANY
70-401,70-122,1,ALL
70-401,70-391,2,ALL
70-401,70-381,3,ALL
70-401,70-371,4,ALL
15-316,15-213,1,ANY
76-353,76-101,1,ALL
76-353,76-102,2,ALL
76-353,76-107,3,ALL
76-353,76-106,3,ALL
76-353,76-107,4,ALL
76-353,76-108,4,ALL
76-353,76-108,5,ALL
76-353,76-106,5,ALL
67-318,67-272,1,ALL
67-318,15-210,2,ALL
15-195,15-122,1,ANY
70-396,70-122,1,ALL
70-396,70-391,2,ALL
76-217,76-101,1,ALL
76-217,76-102,2,ALL
76-217,76-107,3,ALL
76-217,76-106,3,ALL
76-217,76-108,4,ALL
76-217,76-106,4,ALL
76-217,76-107,5,ALL
76-217,76-108,5,ALL
03-232,09-105,1,ALL
03-232,06-223,2,ALL
03-232,06-221,3,ALL
03-232,09-107,4,ALL
76-352,76-101,1,ALL
76-352,76-102,2,ALL
76-352,76-107,3,ALL
76-352,76-106,3,ALL
76-352,76-107,4,ALL
76-352,76-108,4,ALL
76-352,76-108,5,ALL
76-352,76-106,5,ALL
15-317,15-150,1,ANY
73-327,21-259,1,ANY
73-327,21-256,1,ANY
73-327,21-268,1,ANY
73-327,21-269,1,ANY
73-327,73-240,2,ALL
76-493,76-239,1,ANY
03-320,03-120,1,ANY
03-320,03-121,1,ANY
03-320,03-151,1,ANY
03-320,03-231,2,ANY
03-320,03-232,2,ANY
03-320,03-233,2,ANY
70-457,70-311,1,ALL
70-457,70-391,2,ALL
70-457,70-381,3,ALL
70-457,70-371,4,ALL
73-274,21-259,1,ANY
73-274,21-254,1,ANY
73-274,21-268,1,ANY
73-274,21-269,1,ANY
73-274,21-256,1,ANY
73-274,73-265,2,ALL
73-274,73-230,3,ANY
73-274,73-240,3,ANY
76-485,76-373,1,ANY
15-213,15-122,1,ANY
33-226,33-122,1,ALL
33-226,33-152,2,ALL
33-226,33-142,3,ALL
82-323,82-222,1,ANY
15-356,15-251,1,ALL
15-356,21-228,2,ALL
76-313,76-101,1,ALL
76-313,76-102,2,ALL
76-313,76-107,3,ALL
76-313,76-106,3,ALL
76-313,76-108,4,ALL
76-313,76-106,4,ALL
76-313,76-107,5,ALL
76-313,76-108,5,ALL
18-330,18-213,1,ANY
73-366,21-259,1,ANY
73-366,21-254,1,ANY
73-366,21-268,1,ANY
73-366,21-269,1,ANY
73-366,21-256,1,ANY
73-366,73-230,2,ALL
73-366,36-202,3,ANY
73-366,73-265,3,ANY
73-366,70-208,3,ANY
73-366,36-208,3,ANY
73-366,73-407,3,ANY
73-366,36-220,3,ANY
73-366,73-374,3,ANY
73-366,73-274,3,ANY
73-366,36-226,3,ANY
76-201,76-101,1,ALL
76-201,76-102,2,ALL
76-201,76-107,3,ALL
76-201,76-106,3,ALL
76-201,76-107,4,ALL
76-201,76-108,4,ALL
76-201,76-108,5,ALL
76-201,76-106,5,ALL
76-344,76-101,1,ALL
76-344,76-102,2,ALL
76-344,76-107,3,ALL
76-344,76-106,3,ALL
76-344,76-108,4,ALL
76-344,76-106,4,ALL
76-344,76-107,5,ALL
76-344,76-108,5,ALL
85-426,15-112,1,ALL
70-416,15-390,1,ALL
70-416,70-414,2,ALL
70-416,70-425,3,ALL
70-416,70-420,4,ALL
70-416,70-415,5,ALL
70-416,70-421,6,ALL
76-446,76-101,1,ALL
76-446,76-102,2,ALL
76-446,76-107,3,ALL
76-446,76-106,3,ALL
76-446,76-107,4,ALL
76-446,76-108,4,ALL
76-446,76-108,5,ALL
76-446,76-106,5,ALL
67-323,67-272,1,ANY
70-343,70-340,1,ALL
70-343,76-270,2,ALL
76-411,76-101,1,ALL
76-411,76-102,2,ALL
76-411,76-107,3,ALL
76-411,76-106,3,ALL
76-411,76-108,4,ALL
76-411,76-106,4,ALL
76-411,76-107,5,ALL
76-411,76-108,5,ALL
76-368,76-269,1,ALL
76-368,76-260,2,ALL
76-387,76-101,1,ALL
76-387,76-102,2,ALL
76-387,76-107,3,ALL
76-387,76-106,3,ALL
76-387,76-107,4,ALL
76-387,76-108,4,ALL
76-387,76-108,5,ALL
76-387,76-106,5,ALL
73-433,21-259,1,ANY
73-433,21-256,1,ANY
73-433,21-268,1,ANY
73-433,21-269,1,ANY
73-433,73-230,2,ALL
76-407,76-101,1,ALL
76-407,76-102,2,ALL
76-407,76-107,3,ALL
76-407,76-106,3,ALL
76-407,76-107,4,ALL
76-407,76-108,4,ALL
76-407,76-108,5,ALL
76-407,76-106,5,ALL
09-204,09-221,1,ANY
07-400,07-300,1,ALL
07-400,15-300,2,ALL
76-391,76-270,1,ALL
76-391,76-271,2,ALL
76-391,76-390,3,ALL
76-450,76-101,1,ALL
76-450,76-102,2,ALL
76-450,76-107,3,ALL
76-450,76-106,3,ALL
76-450,76-108,4,ALL
76-450,76-106,4,ALL
76-450,76-107,5,ALL
76-450,76-108,5,ALL
15-415,15-213,1,ALL
15-415,15-210,2,ALL
76-329,76-101,1,ALL
76-329,76-102,2,ALL
76-329,76-107,3,ALL
76-329,76-106,3,ALL
76-329,76-108,4,ALL
76-329,76-106,4,ALL
76-329,76-107,5,ALL
76-329,76-108,5,ALL
36-402,36-401,1,ANY
80-310,80-210,1,ALL
80-310,15-251,2,ALL
80-310,21-127,3,ALL
80-310,80-211,4,ALL
70-494,70-391,1,ALL
70-494,70-424,2,ALL
70-494,70-428,3,ALL
76-427,76-101,1,ALL
76-427,76-102,2,ALL
76-427,76-107,3,ALL
76-427,76-106,3,ALL
76-427,76-107,4,ALL
76-427,76-108,4,ALL
76-427,76-108,5,ALL
76-427,76-106,5,ALL
15-462,21-259,1,ALL
15-462,15-213,1,ALL
15-462,21-240,1,ALL
15-462,21-259,2,ALL
15-462,21-241,2,ALL
15-462,15-213,2,ALL
15-462,18-202,3,ALL
15-462,18-213,3,ALL
67-315,67-272,1,ALL
67-315,67-240,2,ALL
82-102,82-103,1,ALL
82-102,82-101,2,ALL
03-117,03-121,1,ALL
03-117,03-110,2,ALL
03-117,03-151,3,ALL
33-142,21-120,1,ALL
33-142,33-106,1,ALL
33-142,21-120,2,ALL
33-142,33-141,2,ALL
33-142,21-120,3,ALL
33-142,33-111,3,ALL
33-142,21-120,4,ALL
33-142,33-131,4,ALL
33-142,21-120,5,ALL
33-142,33-151,5,ALL
33-142,21-120,6,ALL
33-142,33-121,6,ALL
76-309,76-101,1,ALL
76-309,76-102,2,ALL
76-309,76-107,3,ALL
76-309,76-106,3,ALL
76-309,76-108,4,ALL
76-309,76-106,4,ALL
76-309,76-107,5,ALL
76-309,76-108,5,ALL
02-510,15-122,1,ALL
02-510,36-225,2,ANY
02-510,15-259,2,ANY
02-510,36-235,2,ANY
02-510,36-218,2,ANY
10-401,15-122,1,ALL
10-401,21-127,2,ANY
10-401,15-151,2,ANY
10-401,21-128,2,ANY
10-401,36-218,3,ANY
10-401,36-217,3,ANY
10-401,15-359,3,ANY
10-401,21-325,3,ANY
10-401,36-225,3,ANY
21-268,21-122,1,ALL
21-268,21-241,2,ANY
21-268,21-242,2,ANY
21-268,21-127,3,ANY
21-268,15-151,3,ANY
21-268,21-128,3,ANY
36-208,21-120,1,ANY
36-208,21-112,1,ANY
36-208,36-247,2,ANY
36-208,36-207,2,ANY
36-208,36-201,2,ANY
36-208,70-207,2,ANY
36-208,36-220,2,ANY
36-208,73-102,3,ANY
36-208,73-100,3,ANY
67-354,67-250,1,ANY
70-334,76-101,1,ALL
70-334,76-102,2,ALL
70-334,70-332,3,ALL
70-334,76-107,4,ALL
70-334,76-106,4,ALL
70-334,76-108,5,ALL
70-334,76-106,5,ALL
70-334,76-107,6,ALL
70-334,76-108,6,ALL
76-489,76-101,1,ANY
76-489,76-102,1,ANY
76-489,76-391,2,ALL
76-348,76-101,1,ALL
76-348,76-102,2,ALL
76-348,76-107,3,ALL
76-348,76-106,3,ALL
76-348,76-108,4,ALL
76-348,76-106,4,ALL
76-348,76-107,5,ALL
76-348,76-108,5,ALL
76-431,76-101,1,ALL
76-431,76-102,2,ALL
76-431,76-107,3,ALL
76-431,76-106,3,ALL
76-431,76-107,4,ALL
76-431,76-108,4,ALL
76-431,76-108,5,ALL
76-431,76-106,5,ALL
82-303,82-204,1,ALL
82-303,82-202,2,ALL
76-333,76-101,1,ALL
76-333,76-102,2,ALL
76-333,76-107,3,ALL
76-333,76-106,3,ALL
76-333,76-107,4,ALL
76-333,76-108,4,ALL
76-333,76-108,5,ALL
76-333,76-106,5,ALL
18-202,21-122,1,ANY
21-301,21-122,1,ALL
21-301,15-251,2,ANY
21-301,21-228,2,ANY
70-318,70-311,1,ANY
76-364,76-101,1,ALL
76-364,76-102,2,ALL
76-364,76-107,3,ALL
76-364,76-106,3,ALL
76-364,76-108,4,ALL
76-364,76-106,4,ALL
76-364,76-107,5,ALL
76-364,76-108,5,ALL
85-406,85-211,1,ALL
85-406,85-213,2,ALL
85-406,85-429,3,ALL
85-406,85-355,4,ALL
85-406,85-219,5,ALL
85-390,85-213,1,ALL
85-390,85-211,2,ALL
82-342,82-244,1,ALL
82-342,82-242,2,ALL
76-372,76-101,1,ALL
76-372,76-102,2,ALL
76-372,76-107,3,ALL
76-372,76-106,3,ALL
76-372,76-108,4,ALL
76-372,76-106,4,ALL
76-372,76-107,5,ALL
76-372,76-108,5,ALL
09-208,09-219,1,ANY
09-208,09-217,1,ANY
09-208,09-223,2,ANY
09-208,09-221,2,ANY
09-208,09-207,2,ANY
10-315,15-122,1,ALL
10-315,21-127,2,ANY
10-315,15-151,2,ANY
10-315,21-128,2,ANY
10-315,36-218,3,ANY
10-315,36-219,3,ANY
10-315,15-359,3,ANY
10-315,36-217,3,ANY
10-315,21-325,3,ANY
10-315,36-235,3,ANY
10-315,36-225,3,ANY
10-315,15-259,3,ANY
10-315,21-241,4,ANY
10-315,21-240,4,ANY
10-315,21-242,4,ANY
67-339,67-262,1,ALL
67-339,67-265,2,ALL
76-325,76-101,1,ALL
76-325,76-102,2,ALL
76-325,76-107,3,ALL
76-325,76-106,3,ALL
76-325,76-108,4,ALL
76-325,76-106,4,ALL
76-325,76-107,5,ALL
76-325,76-108,5,ALL
70-498,70-122,1,ANY
76-260,76-101,1,ALL
76-260,76-102,2,ALL
76-260,76-107,3,ALL
76-260,76-106,3,ALL
76-260,76-108,4,ALL
76-260,76-106,4,ALL
76-260,76-107,5,ALL
76-260,76-108,5,ALL
19-351,36-220,1,ANY
70-493,70-391,1,ANY
21-259,21-122,1,ANY
76-457,76-101,1,ALL
76-457,76-102,2,ALL
76-457,76-107,3,ALL
76-457,76-106,3,ALL
76-457,76-106,4,ALL
76-457,76-108,4,ALL
76-457,76-107,5,ALL
76-457,76-108,5,ALL
70-305,70-205,1,ALL
76-379,76-330,1,ALL
21-127,02-120,1,ALL
21-127,15-112,2,ALL
21-127,21-108,3,ALL
21-127,21-112,4,ALL
21-127,21-120,5,ALL
76-396,76-101,1,ALL
76-396,76-102,2,ALL
76-396,76-107,3,ALL
76-396,76-106,3,ALL
76-396,76-108,4,ALL
76-396,76-106,4,ALL
76-396,76-107,5,ALL
76-396,76-108,5,ALL
15-150,21-127,1,ANY
15-150,15-151,1,ANY
15-150,21-128,1,ANY
15-150,15-112,2,ALL
15-445,15-213,1,ANY
18-462,36-219,1,ALL
18-462,18-751,2,ALL
18-462,36-218,3,ALL
76-380,76-101,1,ALL
76-380,76-102,2,ALL
76-380,76-107,3,ALL
76-380,76-106,3,ALL
76-380,76-108,4,ALL
76-380,76-106,4,ALL
76-380,76-107,5,ALL
76-380,76-108,5,ALL
76-416,76-101,1,ALL
76-416,76-102,2,ALL
76-416,76-107,3,ALL
76-416,76-106,3,ALL
76-416,76-108,4,ALL
76-416,76-106,4,ALL
76-416,76-107,5,ALL
76-416,76-108,5,ALL
15-453,21-228,1,ALL
15-453,15-251,2,ALL
88-312,36-200,1,ALL
88-312,36-201,2,ALL
88-312,70-207,3,ALL
76-338,76-101,1,ALL
76-338,76-102,2,ALL
76-338,76-107,3,ALL
76-338,76-106,3,ALL
76-338,76-108,4,ALL
76-338,76-106,4,ALL
76-338,76-107,5,ALL
76-338,76-108,5,ALL
76-292,76-101,1,ALL
76-292,76-102,2,ALL
76-292,76-107,3,ALL
76-292,76-106,3,ALL
76-292,76-108,4,ALL
76-292,76-106,4,ALL
76-292,76-107,5,ALL
76-292,76-108,5,ALL
70-485,70-381,1,ANY
67-373,67-272,1,ANY
76-441,76-101,1,ALL
76-441,76-102,2,ALL
76-441,76-107,3,ALL
76-441,76-106,3,ALL
76-441,76-108,4,ALL
76-441,76-106,4,ALL
76-441,76-107,5,ALL
76-441,76-108,5,ALL
03-366,03-133,1,ALL
03-366,03-362,2,ALL
03-366,03-232,3,ALL
03-366,03-231,4,ALL
85-421,80-150,1,ALL
85-421,85-213,2,ALL
85-421,85-211,3,ALL
85-421,80-180,4,ALL
70-411,70-311,1,ALL
76-343,76-101,1,ALL
76-343,76-102,2,ALL
76-343,76-107,3,ALL
76-343,76-106,3,ALL
76-343,76-108,4,ALL
76-343,76-106,4,ALL
76-343,76-107,5,ALL
76-343,76-108,5,ALL
48-400,48-305,1,ANY
76-314,76-101,1,ALL
76-314,76-102,2,ALL
76-314,76-107,3,ALL
76-314,76-106,3,ALL
76-314,76-108,4,ALL
76-314,76-106,4,ALL
76-314,76-107,5,ALL
76-314,76-108,5,ALL
15-351,15-122,1,ALL
15-351,15-121,2,ALL
67-426,67-364,1,ALL
67-426,70-208,2,ANY
67-426,36-201,2,ANY
67-426,36-200,2,ANY
76-482,76-101,1,ALL
76-482,76-102,2,ALL
76-482,76-107,3,ALL
76-482,76-106,3,ALL
76-482,76-108,4,ALL
76-482,76-106,4,ALL
76-482,76-107,5,ALL
76-482,76-108,5,ALL
82-332,82-232,1,ALL
82-332,82-235,2,ALL
03-327,03-151,1,ALL
03-327,03-121,2,ALL
76-302,76-101,1,ALL
76-302,76-102,2,ALL
76-302,76-107,3,ALL
76-302,76-106,3,ALL
76-302,76-108,4,ALL
76-302,76-106,4,ALL
76-302,76-107,5,ALL
76-302,76-108,5,ALL
73-265,36-247,1,ANY
73-265,36-207,1,ANY
73-265,36-218,1,ANY
73-265,36-202,1,ANY
73-265,36-201,1,ANY
73-265,36-200,1,ANY
73-265,36-219,1,ANY
73-265,70-207,1,ANY
73-265,21-325,1,ANY
73-265,36-217,1,ANY
73-265,36-220,1,ANY
73-265,36-225,1,ANY
73-265,15-259,1,ANY
73-265,73-102,2,ANY
73-265,73-104,2,ANY
76-494,76-270,1,ALL
76-494,76-395,2,ALL
76-494,76-271,3,ALL
36-350,36-218,1,ANY
36-350,36-219,1,ANY
36-350,36-217,1,ANY
36-350,36-235,1,ANY
36-350,36-225,1,ANY
36-350,21-235,1,ANY
36-350,15-259,1,ANY
36-350,15-110,2,ANY
36-350,02-120,2,ANY
36-350,15-112,2,ANY
17-437,17-514,1,ALL
17-437,15-214,2,ALL
17-437,17-214,3,ALL
17-437,18-613,4,ALL
17-437,17-313,5,ALL
17-437,15-513,6,ALL
17-437,15-213,7,ALL
17-437,14-513,8,ALL
17-437,18-213,9,ALL
76-355,76-101,1,ALL
76-355,76-102,2,ALL
76-355,76-107,3,ALL
76-355,76-106,3,ALL
76-355,76-107,4,ALL
76-355,76-108,4,ALL
76-355,76-108,5,ALL
76-355,76-106,5,ALL
03-370,03-231,1,ANY
03-370,03-232,1,ANY
03-370,03-320,2,ANY
03-370,03-240,2,ANY
09-106,09-107,1,ALL
09-106,09-105,2,ALL
70-391,73-102,1,ANY
70-391,73-104,1,ANY
70-391,73-100,1,ANY
70-391,36-207,2,ANY
70-391,36-218,2,ANY
70-391,36-201,2,ANY
70-391,36-200,2,ANY
70-391,36-217,2,ANY
70-391,70-207,2,ANY
70-391,36-225,2,ANY
18-213,15-122,1,ANY
09-521,09-347,1,ANY
09-521,09-345,1,ANY
09-521,09-214,1,ANY
09-521,09-344,1,ANY
09-521,09-348,2,ALL
36-235,21-112,1,ALL
36-235,21-111,1,ALL
36-235,21-256,2,ALL
36-235,21-259,3,ALL
36-235,21-120,4,ALL
82-312,82-311,1,ANY
76-322,76-101,1,ALL
76-322,76-102,2,ALL
76-322,76-107,3,ALL
76-322,76-106,3,ALL
76-322,76-108,4,ALL
76-322,76-106,4,ALL
76-322,76-107,5,ALL
76-322,76-108,5,ALL
76-267,76-101,1,ALL
19-301,36-217,1,ALL
19-301,19-250,2,ALL
19-301,36-219,3,ALL
19-301,36-220,4,ALL
15-330,15-213,1,ANY
76-375,76-260,1,ALL
76-375,76-262,2,ALL
76-375,76-372,3,ALL
76-375,76-271,4,ALL
76-375,76-272,5,ALL
76-375,76-270,6,ALL
70-427,70-391,1,ALL
70-427,70-122,2,ALL
82-345,82-242,1,ANY
03-350,03-320,1,ALL
03-350,03-240,2,ALL
66-502,66-501,1,ANY
76-230,76-101,1,ALL
76-230,76-102,2,ALL
76-230,76-107,3,ALL
76-230,76-106,3,ALL
76-230,76-108,4,ALL
76-230,76-106,4,ALL
76-230,76-107,5,ALL
76-230,76-108,5,ALL
09-560,09-344,1,ALL
09-560,09-214,2,ALL
09-560,09-347,3,ALL
09-560,09-345,4,ALL
73-341,21-259,1,ANY
73-341,21-254,1,ANY
73-341,21-268,1,ANY
73-341,21-269,1,ANY
73-341,21-256,1,ANY
73-341,36-207,2,ANY
73-341,36-218,2,ANY
73-341,36-201,2,ANY
73-341,36-200,2,ANY
73-341,36-219,2,ANY
73-341,70-207,2,ANY
73-341,36-217,2,ANY
73-341,36-220,2,ANY
73-341,36-225,2,ANY
73-341,36-202,2,ANY
73-341,73-230,3,ALL
09-425,09-107,1,ANY
09-425,09-106,1,ANY
09-425,09-219,2,ANY
09-425,03-232,2,ANY
09-425,09-217,2,ANY
09-425,03-231,2,ANY
70-348,15-221,1,ALL
70-348,76-270,2,ALL
70-348,70-340,3,ALL
03-346,03-320,1,ANY
03-346,03-240,1,ANY
03-346,03-362,2,ALL
03-346,03-343,3,ALL
76-363,76-101,1,ALL
76-363,76-102,2,ALL
76-363,76-107,3,ALL
76-363,76-106,3,ALL
76-363,76-108,4,ALL
76-363,76-106,4,ALL
76-363,76-107,5,ALL
76-363,76-108,5,ALL
76-226,76-101,1,ALL
09-219,09-106,1,ALL
09-219,09-107,2,ALL
76-334,76-101,1,ALL
76-334,76-102,2,ALL
76-334,76-107,3,ALL
76-334,76-106,3,ALL
76-334,76-108,4,ALL
76-334,76-106,4,ALL
76-334,76-107,5,ALL
76-334,76-108,5,ALL
82-304,82-202,1,ALL
82-304,82-204,2,ALL
82-241,82-144,1,ALL
82-241,82-142,2,ALL
76-271,76-101,1,ALL
76-271,76-102,2,ALL
76-271,76-107,3,ALL
76-271,76-106,3,ALL
76-271,76-108,4,ALL
76-271,76-106,4,ALL
76-271,76-107,5,ALL
76-271,76-108,5,ALL
70-364,70-340,1,ALL
70-364,76-102,2,ALL
70-364,76-101,3,ALL
70-364,76-107,4,ALL
70-364,76-106,4,ALL
70-364,76-106,5,ALL
70-364,76-108,5,ALL
70-364,76-107,6,ALL
70-364,76-108,6,ALL
76-461,76-101,1,ALL
76-461,76-102,2,ALL
76-461,76-107,3,ALL
76-461,76-106,3,ALL
76-461,76-108,4,ALL
76-461,76-106,4,ALL
76-461,76-107,5,ALL
76-461,76-108,5,ALL
15-424,15-122,1,ALL
15-424,21-120,2,ALL
76-318,76-270,1,ALL
76-318,76-272,2,ALL
76-318,76-271,3,ALL
16-211,21-122,1,ALL
16-211,21-241,2,ALL
33-112,21-120,1,ALL
33-112,33-111,2,ALL
76-420,76-101,1,ALL
76-420,76-102,2,ALL
76-420,76-107,3,ALL
76-420,76-106,3,ALL
76-420,76-108,4,ALL
76-420,76-106,4,ALL
76-420,76-107,5,ALL
76-420,76-108,5,ALL
80-419,80-211,1,ALL
80-419,21-300,2,ALL
80-419,15-317,3,ALL
80-419,80-310,4,ALL
15-259,21-259,1,ANY
15-259,16-211,1,ANY
15-259,21-268,1,ANY
15-259,21-266,1,ANY
15-259,21-127,2,ANY
15-259,15-151,2,ANY
15-259,15-251,2,ANY
15-259,21-128,2,ANY
76-359,76-390,1,ALL
76-359,76-270,1,ALL
76-359,76-271,2,ALL
76-359,76-390,2,ALL
09-222,09-219,1,ANY
09-222,09-217,1,ANY
09-222,09-223,2,ANY
09-222,09-221,2,ANY
88-372,85-102,1,ALL
76-358,76-292,1,ANY
73-395,21-259,1,ANY
73-395,21-268,1,ANY
73-395,21-256,1,ANY
73-395,21-269,1,ANY
73-395,73-230,2,ANY
73-395,73-240,2,ANY
70-373,70-100,1,ALL
70-373,70-106,2,ALL
67-313,70-110,1,ALL
67-313,67-250,2,ALL
76-421,76-101,1,ALL
76-421,76-102,2,ALL
76-421,76-107,3,ALL
76-421,76-106,3,ALL
76-421,76-108,4,ALL
76-421,76-106,4,ALL
76-421,76-107,5,ALL
76-421,76-108,5,ALL
82-104,82-103,1,ALL
82-104,82-101,2,ALL
11-411,15-122,1,ANY
19-402,73-102,1,ALL
19-402,73-100,2,ALL
36-218,21-112,1,ALL
36-218,21-111,1,ALL
36-218,21-120,2,ALL
36-218,21-256,3,ALL
36-218,21-259,4,ALL
76-476,76-101,1,ALL
76-476,76-102,2,ALL
76-476,76-107,3,ALL
76-476,76-106,3,ALL
76-476,76-108,4,ALL
76-476,76-106,4,ALL
76-476,76-107,5,ALL
76-476,76-108,5,ALL
85-314,36-309,1,ANY
85-314,85-309,1,ANY
85-314,85-211,2,ANY
85-314,85-219,2,ANY
17-355,15-251,1,ALL
17-355,15-150,2,ANY
17-355,17-214,2,ANY
76-319,76-101,1,ALL
76-319,76-102,2,ALL
76-319,76-107,3,ALL
76-319,76-106,3,ALL
76-319,76-108,4,ALL
76-319,76-106,4,ALL
76-319,76-107,5,ALL
76-319,76-108,5,ALL
70-332,76-102,1,ALL
70-332,76-101,2,ALL
70-332,76-107,3,ALL
70-332,76-106,3,ALL
70-332,76-106,4,ALL
70-332,76-108,4,ALL
70-332,76-107,5,ALL
70-332,76-108,5,ALL
76-460,76-260,1,ANY
73-415,21-259,1,ANY
73-415,21-268,1,ANY
73-415,21-256,1,ANY
73-415,21-269,1,ANY
73-415,73-230,2,ALL
73-415,73-265,3,ALL
88-221,73-102,1,ANY
84-355,36-200,1,ANY
76-437,76-101,1,ALL
76-437,76-102,2,ALL
76-437,76-107,3,ALL
76-437,76-106,3,ALL
76-437,76-108,4,ALL
76-437,76-106,4,ALL
76-437,76-107,5,ALL
76-437,76-108,5,ALL
70-365,73-102,1,ALL
70-365,73-100,2,ALL
67-240,15-104,1,ALL
67-240,02-120,2,ALL
67-240,15-112,3,ALL
67-240,15-110,4,ALL
33-152,21-122,1,ALL
33-152,33-151,1,ALL
33-152,21-122,2,ALL
33-152,33-131,2,ALL
82-112,82-111,1,ALL
82-112,82-113,2,ALL
76-335,76-101,1,ALL
76-335,76-102,2,ALL
76-335,76-107,3,ALL
76-335,76-106,3,ALL
76-335,76-107,4,ALL
76-335,76-108,4,ALL
76-335,76-108,5,ALL
76-335,76-106,5,ALL
70-467,21-254,1,ANY
70-467,21-256,1,ANY
70-467,21-259,1,ANY
70-467,36-220,2,ANY
70-467,36-225,2,ANY
70-467,70-207,2,ANY
70-467,36-200,2,ANY
82-305,82-304,1,ALL
82-305,82-303,2,ALL
70-488,70-381,1,ALL
76-270,76-101,1,ALL
76-270,76-102,2,ALL
76-270,76-107,3,ALL
76-270,76-106,3,ALL
76-270,76-106,4,ALL
76-270,76-108,4,ALL
76-270,76-107,5,ALL
76-270,76-108,5,ALL
76-362,76-101,1,ALL
76-362,76-102,2,ALL
76-362,76-107,3,ALL
76-362,76-106,3,ALL
76-362,76-108,4,ALL
76-362,76-106,4,ALL
76-362,76-107,5,ALL
76-362,76-108,5,ALL
09-218,09-219,1,ALL
09-218,09-217,2,ALL
11-485,15-112,1,ALL
11-485,21-120,2,ALL
11-485,21-241,3,ALL
76-374,76-101,1,ALL
76-374,76-102,2,ALL
76-374,76-107,3,ALL
76-374,76-106,3,ALL
76-374,76-107,4,ALL
76-374,76-108,4,ALL
76-374,76-108,5,ALL
76-374,76-106,5,ALL
82-344,82-244,1,ALL
82-344,82-242,2,ALL
03-351,03-117,1,ALL
03-351,15-112,2,ALL
03-351,03-343,3,ALL
03-351,03-124,4,ALL
82-201,82-104,1,ALL
82-201,82-102,2,ALL
03-428,03-121,1,ALL
03-428,03-709,2,ALL
03-428,03-151,3,ALL
73-497,21-259,1,ANY
73-497,21-254,1,ANY
73-497,21-268,1,ANY
73-497,21-269,1,ANY
73-497,21-256,1,ANY
73-497,73-265,2,ANY
73-497,73-407,2,ANY
73-497,36-303,2,ANY
73-497,73-374,2,ANY
73-497,73-274,2,ANY
73-497,36-226,2,ANY
73-497,73-230,3,ALL
73-497,73-240,4,ALL
70-471,70-371,1,ANY
76-323,76-269,1,ANY
15-487,15-213,1,ALL
76-354,76-101,1,ALL
76-354,76-102,2,ALL
76-354,76-107,3,ALL
76-354,76-106,3,ALL
76-354,76-108,4,ALL
76-354,76-106,4,ALL
76-354,76-107,5,ALL
76-354,76-108,5,ALL
15-311,21-127,1,ANY
15-311,15-151,1,ANY
15-311,21-128,1,ANY
15-311,15-150,2,ALL
76-495,76-101,1,ALL
76-495,76-102,2,ALL
76-495,76-107,3,ALL
76-495,76-106,3,ALL
76-495,76-108,4,ALL
76-495,76-106,4,ALL
76-495,76-107,5,ALL
76-495,76-108,5,ALL
76-246,76-102,1,ALL
76-246,76-101,2,ALL
03-326,03-231,1,ALL
03-326,03-232,2,ALL
70-451,15-112,1,ALL
70-451,15-110,2,ALL
36-202,36-247,1,ALL
36-202,36-220,2,ALL
36-202,36-207,3,ALL
36-202,70-207,4,ALL
36-202,36-200,5,ALL
73-337,73-102,1,ANY
73-337,73-104,1,ANY
73-337,73-103,2,ALL
76-483,76-270,1,ALL
76-483,76-271,2,ALL
76-315,76-101,1,ALL
76-315,76-102,2,ALL
76-315,76-107,3,ALL
76-315,76-106,3,ALL
76-315,76-108,4,ALL
76-315,76-106,4,ALL
76-315,76-107,5,ALL
76-315,76-108,5,ALL
70-447,70-381,1,ALL
70-447,70-371,2,ALL
70-447,70-122,3,ALL
70-447,70-311,4,ALL
70-447,70-391,5,ALL
03-330,03-121,1,ALL
03-330,03-151,2,ALL
85-359,85-102,1,ALL
85-359,36-200,1,ALL
85-359,85-211,2,ALL
85-359,36-200,2,ALL
70-386,70-207,1,ANY
70-386,36-201,1,ANY
70-386,36-200,1,ANY
70-386,73-100,2,ALL
76-207,76-101,1,ALL
76-207,76-102,2,ALL
76-207,76-107,3,ALL
76-207,76-106,3,ALL
76-207,76-108,4,ALL
76-207,76-106,4,ALL
76-207,76-107,5,ALL
76-207,76-108,5,ALL
82-372,82-272,1,ALL
82-372,82-371,2,ALL
76-342,76-101,1,ALL
76-342,76-102,2,ALL
76-342,76-107,3,ALL
76-342,76-106,3,ALL
76-342,76-107,4,ALL
76-342,76-108,4,ALL
76-342,76-108,5,ALL
76-342,76-106,5,ALL
84-267,36-200,1,ANY
70-257,21-259,1,ALL
70-257,21-254,2,ALL
70-257,21-256,3,ALL
76-339,76-101,1,ALL
76-339,76-107,2,ALL
76-339,76-106,2,ALL
76-339,76-108,3,ALL
76-339,76-106,3,ALL
76-339,76-107,4,ALL
76-339,76-108,4,ALL
70-484,70-391,1,ALL
70-484,36-208,2,ANY
70-484,70-208,2,ANY
70-484,36-202,2,ANY
03-127,03-151,1,ALL
03-127,03-121,2,ALL
76-417,76-102,1,ALL
76-417,76-101,2,ALL
70-345,73-270,1,ALL
70-345,70-340,2,ALL
15-281,15-122,1,ALL
15-281,21-241,2,ANY
15-281,18-202,2,ANY
15-281,21-254,2,ANY
15-281,21-240,2,ANY
15-281,21-127,3,ANY
15-281,15-151,3,ANY
15-281,21-128,3,ANY
09-214,09-106,1,ALL
09-214,21-124,2,ANY
09-214,21-122,2,ANY
09-214,33-106,3,ANY
09-214,33-121,3,ANY
09-214,33-141,3,ANY
09-214,33-111,3,ANY
76-381,76-101,1,ALL
76-381,76-102,2,ALL
76-381,76-107,3,ALL
76-381,76-106,3,ALL
76-381,76-108,4,ALL
76-381,76-106,4,ALL
76-381,76-107,5,ALL
76-381,76-108,5,ALL
15-151,21-120,1,ANY
85-363,85-221,1,ALL
85-363,85-211,2,ALL
70-353,21-120,1,ANY
70-353,21-112,1,ANY
70-353,21-259,2,ANY
70-353,21-268,2,ANY
70-353,21-256,2,ANY
70-353,21-269,2,ANY
70-353,73-230,3,ALL
76-401,76-101,1,ALL
76-401,76-102,2,ALL
76-401,76-107,3,ALL
76-401,76-106,3,ALL
76-401,76-108,4,ALL
76-401,76-106,4,ALL
76-401,76-107,5,ALL
76-401,76-108,5,ALL
76-378,76-101,1,ALL
76-378,76-102,2,ALL
76-378,76-107,3,ALL
76-378,76-106,3,ALL
76-378,76-107,4,ALL
76-378,76-108,4,ALL
76-378,76-108,5,ALL
76-378,76-106,5,ALL
76-397,76-271,1,ALL
76-397,76-270,2,ALL
73-423,21-259,1,ANY
73-423,21-254,1,ANY
73-423,21-268,1,ANY
73-423,21-269,1,ANY
73-423,21-256,1,ANY
73-423,73-230,2,ANY
73-423,73-240,2,ANY
73-423,73-274,2,ANY
76-456,76-101,1,ALL
76-456,76-102,2,ALL
76-456,76-107,3,ALL
76-456,76-106,3,ALL
76-456,76-108,4,ALL
76-456,76-106,4,ALL
76-456,76-107,5,ALL
76-456,76-108,5,ALL
70-304,70-205,1,ALL
70-304,70-204,2,ALL
67-364,36-201,1,ANY
67-364,36-200,1,ANY
67-364,02-120,2,ANY
67-364,15-112,2,ANY
76-285,76-101,1,ALL
76-285,76-102,2,ALL
76-285,76-107,3,ALL
76-285,76-106,3,ALL
76-285,76-108,4,ALL
76-285,76-106,4,ALL
76-285,76-107,5,ALL
76-285,76-108,5,ALL
17-363,15-150,1,ALL
17-363,21-228,2,ANY
17-363,15-251,2,ANY
70-492,70-391,1,ALL
70-492,21-370,2,ALL
80-316,80-610,1,ALL
80-316,80-310,2,ALL
73-230,21-259,1,ANY
73-230,21-254,1,ANY
73-230,21-268,1,ANY
73-230,21-269,1,ANY
73-230,21-256,1,ANY
73-230,73-102,2,ANY
73-230,73-104,2,ANY
73-230,73-100,2,ANY
15-312,15-150,1,ALL
15-312,15-251,2,ANY
15-312,21-228,2,ANY
82-222,82-221,1,ANY
76-496,76-101,1,ALL
76-496,76-102,2,ALL
76-496,76-107,3,ALL
76-496,76-106,3,ALL
76-496,76-108,4,ALL
76-496,76-106,4,ALL
76-496,76-107,5,ALL
76-496,76-108,5,ALL
76-479,76-101,1,ALL
76-479,76-102,2,ALL
76-479,76-107,3,ALL
76-479,76-106,3,ALL
76-479,76-108,4,ALL
76-479,76-106,4,ALL
76-479,76-107,5,ALL
76-479,76-108,5,ALL
36-217,21-112,1,ALL
36-217,21-122,2,ALL
36-217,21-259,3,ALL
36-217,21-256,4,ALL
36-217,21-123,5,ALL
76-480,76-101,1,ALL
76-480,76-102,2,ALL
76-480,76-107,3,ALL
76-480,76-106,3,ALL
76-480,76-108,4,ALL
76-480,76-106,4,ALL
76-480,76-107,5,ALL
76-480,76-108,5,ALL
21-261,21-122,1,ANY
76-316,76-101,1,ALL
76-316,76-102,2,ALL
76-316,76-107,3,ALL
76-316,76-106,3,ALL
76-316,76-108,4,ALL
76-316,76-106,4,ALL
76-316,76-107,5,ALL
76-316,76-108,5,ALL
76-253,76-101,1,ALL
76-253,76-102,2,ALL
76-253,76-107,3,ALL
76-253,76-106,3,ALL
76-253,76-108,4,ALL
76-253,76-106,4,ALL
76-253,76-107,5,ALL
76-253,76-108,5,ALL
70-385,70-381,1,ANY
73-363,21-120,1,ANY
73-363,21-112,1,ANY
73-363,21-259,2,ANY
73-363,21-256,2,ANY
73-363,21-268,2,ANY
73-363,21-269,2,ANY
73-363,73-100,3,ALL
73-363,73-230,4,ALL
73-363,73-240,5,ALL
73-363,36-225,6,ANY
73-363,36-217,6,ANY
73-363,21-325,6,ANY
73-363,36-226,7,ALL
21-373,21-127,1,ANY
21-373,15-151,1,ANY
21-373,21-128,1,ANY
21-373,21-241,2,ANY
21-373,21-242,2,ANY
76-438,76-101,1,ALL
76-438,76-102,2,ALL
76-438,76-107,3,ALL
76-438,76-106,3,ALL
76-438,76-108,4,ALL
76-438,76-106,4,ALL
76-438,76-107,5,ALL
76-438,76-108,5,ALL
18-335,15-330,1,ANY
18-335,18-330,1,ANY
18-335,18-631,1,ANY
18-335,18-730,1,ANY
18-335,14-741,1,ANY
18-335,14-513,2,ANY
18-335,18-613,2,ANY
18-335,15-213,2,ANY
18-335,18-213,2,ANY
18-335,15-513,2,ANY
76-341,76-101,1,ALL
76-341,76-102,2,ALL
76-341,76-107,3,ALL
76-341,76-106,3,ALL
76-341,76-108,4,ALL
76-341,76-106,4,ALL
76-341,76-107,5,ALL
76-341,76-108,5,ALL
48-510,48-400,1,ALL
48-510,48-410,2,ALL
82-371,82-272,1,ANY
76-204,76-101,1,ALL
76-204,76-102,2,ALL
76-204,76-107,3,ALL
76-204,76-106,3,ALL
76-204,76-108,4,ALL
76-204,76-106,4,ALL
76-204,76-107,5,ALL
76-204,76-108,5,ALL
76-443,76-101,1,ALL
76-443,76-102,2,ALL
76-443,76-107,3,ALL
76-443,76-106,3,ALL
76-443,76-108,4,ALL
76-443,76-106,4,ALL
76-443,76-107,5,ALL
76-443,76-108,5,ALL
70-311,76-102,1,ALL
70-311,76-101,2,ALL
70-311,76-107,3,ALL
70-311,76-106,3,ALL
70-311,76-108,4,ALL
70-311,76-106,4,ALL
70-311,76-107,5,ALL
70-311,76-108,5,ALL
70-311,76-245,6,ALL
70-311,76-331,7,ALL
70-311,76-347,8,ALL
70-311,76-327,9,ALL
70-311,76-102,10,ALL
15-390,15-112,1,ANY
24-280,15-110,1,ALL
24-280,15-112,2,ALL
15-451,15-210,1,ALL
15-451,21-241,2,ALL
15-451,21-228,3,ANY
15-451,15-251,3,ANY
76-414,76-101,1,ALL
76-414,76-102,2,ALL
76-414,76-107,3,ALL
76-414,76-106,3,ALL
76-414,76-107,4,ALL
76-414,76-108,4,ALL
76-414,76-108,5,ALL
76-414,76-106,5,ALL
76-382,76-101,1,ALL
76-382,76-102,2,ALL
76-382,76-107,3,ALL
76-382,76-106,3,ALL
76-382,76-107,4,ALL
76-382,76-108,4,ALL
76-382,76-108,5,ALL
76-382,76-106,5,ALL
76-228,76-101,1,ALL
76-228,76-102,2,ALL
76-228,76-107,3,ALL
76-228,76-106,3,ALL
76-228,76-108,4,ALL
76-228,76-106,4,ALL
76-228,76-107,5,ALL
76-228,76-108,5,ALL
09-217,09-107,1,ALL
09-217,09-105,2,ALL
18-460,21-259,1,ANY
18-460,21-254,1,ANY
18-460,21-260,1,ANY
18-460,21-241,2,ANY
18-460,18-202,2,ANY
18-460,36-219,3,ANY
18-460,36-225,3,ANY
18-460,21-325,3,ANY
18-460,36-218,3,ANY
15-282,15-112,1,ANY
73-359,73-102,1,ANY
73-359,73-104,1,ANY
73-359,73-100,1,ANY
73-359,36-207,2,ANY
73-359,36-200,2,ANY
73-359,70-207,2,ANY
73-359,36-217,2,ANY
73-359,36-220,2,ANY
73-359,36-225,2,ANY
73-359,36-202,2,ANY
76-394,76-239,1,ANY
70-429,70-122,1,ALL
76-455,76-102,1,ALL
76-455,76-101,2,ALL
15-410,15-411,1,ALL
15-410,15-418,2,ALL
15-410,18-447,3,ALL
15-410,15-441,4,ALL
15-410,15-445,5,ALL
15-410,15-440,6,ALL
15-386,15-122,1,ANY
15-386,15-112,1,ANY
15-386,21-122,2,ALL
76-269,76-101,1,ALL
76-269,76-102,2,ALL
76-269,76-107,3,ALL
76-269,76-106,3,ALL
76-269,76-108,4,ALL
76-269,76-106,4,ALL
76-269,76-107,5,ALL
76-269,76-108,5,ALL
80-315,15-251,1,ALL
80-315,21-127,2,ALL
80-315,21-128,3,ALL
80-315,80-210,4,ALL
80-315,80-212,5,ALL
80-315,80-211,6,ALL
70-491,70-391,1,ANY
76-286,76-101,1,ALL
76-286,76-102,2,ALL
76-286,76-107,3,ALL
76-286,76-106,3,ALL
76-286,76-107,4,ALL
76-286,76-108,4,ALL
76-286,76-108,5,ALL
76-286,76-106,5,ALL
09-221,09-106,1,ALL
09-221,09-107,2,ALL
03-391,03-232,1,ALL
03-391,03-231,2,ALL
15-488,15-112,1,ALL
15-488,15-110,2,ALL
36-309,36-218,1,ALL
36-309,36-220,2,ALL
36-309,36-200,3,ALL
36-309,36-247,4,ALL
36-309,70-207,5,ALL
36-309,36-236,6,ALL
36-309,36-226,7,ALL
36-309,36-326,8,ALL
36-309,15-260,9,ALL
76-422,76-101,1,ALL
76-422,76-102,2,ALL
76-422,76-107,3,ALL
76-422,76-106,3,ALL
76-422,76-107,4,ALL
76-422,76-108,4,ALL
76-422,76-108,5,ALL
76-422,76-106,5,ALL
85-340,36-309,1,ALL
85-340,85-251,1,ALL
85-340,36-309,2,ALL
85-340,85-241,2,ALL
85-340,85-309,3,ALL
85-340,85-241,3,ALL
85-340,85-309,4,ALL
85-340,85-241,4,ALL
76-475,76-101,1,ALL
76-475,76-102,2,ALL
76-475,76-107,3,ALL
76-475,76-106,3,ALL
76-475,76-108,4,ALL
76-475,76-106,4,ALL
76-475,76-107,5,ALL
76-475,76-108,5,ALL
88-275,36-200,1,ALL
88-275,70-207,2,ALL
17-356,15-213,1,ALL
17-356,17-514,2,ALL
17-356,17-214,3,ALL
17-356,15-214,4,ALL
09-519,03-121,1,ANY
09-519,03-151,1,ANY
09-519,09-220,2,ANY
09-519,09-218,2,ANY
73-338,21-259,1,ANY
73-338,21-254,1,ANY
73-338,21-268,1,ANY
73-338,21-269,1,ANY
73-338,21-256,1,ANY
73-338,73-102,2,ANY
73-338,73-104,2,ANY
73-338,73-240,3,ALL
76-463,76-269,1,ALL
73-103,73-102,1,ALL
73-103,73-104,2,ALL
85-213,15-150,1,ALL
85-213,15-122,2,ALL
33-151,21-120,1,ANY
70-366,76-102,1,ALL
70-366,76-101,2,ALL
70-366,76-107,3,ALL
70-366,76-106,3,ALL
70-366,76-108,4,ALL
70-366,76-106,4,ALL
70-366,76-107,5,ALL
70-366,76-108,5,ALL
76-434,76-101,1,ALL
76-434,76-102,2,ALL
76-434,76-107,3,ALL
76-434,76-106,3,ALL
76-434,76-108,4,ALL
76-434,76-106,4,ALL
76-434,76-107,5,ALL
76-434,76-108,5,ALL
76-273,76-101,1,ALL
76-273,76-102,2,ALL
76-273,76-107,3,ALL
76-273,76-106,3,ALL
76-273,76-108,4,ALL
76-273,76-106,4,ALL
76-273,76-107,5,ALL
76-273,76-108,5,ALL
82-214,82-112,1,ANY
76-361,76-101,1,ANY
76-361,76-107,1,ANY
76-361,76-102,1,ANY
76-361,76-106,1,ANY
76-361,76-108,1,ANY
76-361,76-380,2,ALL
03-344,03-343,1,ALL
03-344,03-231,2,ANY
03-344,03-232,2,ANY
76-418,76-101,1,ALL
76-418,76-102,2,ALL
76-418,76-107,3,ALL
76-418,76-106,3,ALL
76-418,76-108,4,ALL
76-418,76-106,4,ALL
76-418,76-107,5,ALL
76-418,76-108,5,ALL
67-280,67-272,1,ALL
76-398,76-365,1,ALL
76-398,76-360,2,ALL
76-398,76-460,3,ALL
76-398,76-366,4,ALL
76-232,76-101,1,ALL
76-232,76-102,2,ALL
76-232,76-107,3,ALL
76-232,76-106,3,ALL
76-232,76-108,4,ALL
76-232,76-106,4,ALL
76-232,76-107,5,ALL
76-232,76-108,5,ALL
82-202,82-201,1,ALL
82-202,82-203,2,ALL
09-348,09-105,1,ANY
09-348,09-107,1,ANY
09-348,21-120,2,ALL
76-377,76-101,1,ALL
76-377,76-102,2,ALL
76-377,76-107,3,ALL
76-377,76-106,3,ALL
76-377,76-108,4,ALL
76-377,76-106,4,ALL
76-377,76-107,5,ALL
76-377,76-108,5,ALL
03-240,03-120,1,ANY
03-240,03-121,1,ANY
03-240,03-151,1,ANY
03-240,03-231,2,ANY
03-240,03-232,2,ANY
03-240,03-233,2,ANY
76-265,76-101,1,ALL
76-265,76-102,2,ALL
76-265,76-107,3,ALL
76-265,76-106,3,ALL
76-265,76-108,4,ALL
76-265,76-106,4,ALL
76-265,76-107,5,ALL
76-265,76-108,5,ALL
76-320,76-269,1,ANY
21-484,21-228,1,ANY
21-484,15-251,1,ANY
21-484,21-241,2,ANY
21-484,21-242,2,ANY
85-442,36-200,1,ALL
85-442,85-104,2,ANY
85-442,85-211,2,ANY
85-442,85-251,2,ANY
85-442,85-241,2,ANY
85-442,85-102,2,ANY
85-442,85-221,2,ANY
85-442,85-219,2,ANY
06-262,21-254,1,ALL
06-262,06-223,2,ALL
21-257,06-262,1,ALL
21-257,18-202,2,ALL
21-257,21-256,3,ALL
21-257,21-241,4,ALL
21-257,21-242,5,ALL
21-257,21-240,6,ALL
67-384,15-112,1,ANY
76-458,76-101,1,ALL
76-458,76-102,2,ALL
76-458,76-107,3,ALL
76-458,76-106,3,ALL
76-458,76-108,4,ALL
76-458,76-106,4,ALL
76-458,76-107,5,ALL
76-458,76-108,5,ALL
36-236,36-235,1,ANY
21-256,21-120,1,ALL
21-256,21-112,2,ALL
15-221,76-101,1,ALL
76-321,76-101,1,ALL
76-321,76-102,2,ALL
76-321,76-107,3,ALL
76-321,76-106,3,ALL
76-321,76-108,4,ALL
76-321,76-106,4,ALL
76-321,76-107,5,ALL
76-321,76-108,5,ALL
73-495,21-259,1,ANY
73-495,21-256,1,ANY
73-495,21-268,1,ANY
73-495,21-269,1,ANY
73-495,73-230,2,ANY
73-495,73-240,2,ANY
82-311,82-212,1,ANY
73-354,73-102,1,ANY
73-354,73-104,1,ANY
73-354,73-100,1,ANY
73-354,70-208,2,ANY
73-354,36-202,2,ANY
76-233,76-101,1,ALL
76-233,76-102,2,ALL
76-233,76-107,3,ALL
76-233,76-106,3,ALL
76-233,76-108,4,ALL
76-233,76-106,4,ALL
76-233,76-107,5,ALL
76-233,76-108,5,ALL
85-414,85-104,1,ANY
85-414,85-130,1,ANY
85-414,85-211,1,ANY
85-414,85-110,1,ANY
85-414,85-170,1,ANY
85-414,85-213,1,ANY
85-414,85-102,1,ANY
85-414,85-241,1,ANY
85-414,85-100,1,ANY
85-414,85-190,1,ANY
85-414,85-221,1,ANY
85-414,85-219,1,ANY
85-414,15-110,2,ANY
85-414,15-112,2,ANY
70-424,70-122,1,ANY
21-128,02-120,1,ALL
21-128,21-120,2,ALL
21-128,21-112,3,ALL
21-128,15-112,4,ALL
21-128,21-108,5,ALL
76-376,76-101,1,ALL
76-376,76-102,2,ALL
76-376,76-107,3,ALL
76-376,76-106,3,ALL
76-376,76-106,4,ALL
76-376,76-108,4,ALL
76-376,76-107,5,ALL
76-376,76-108,5,ALL
76-419,76-101,1,ALL
76-419,76-102,2,ALL
76-419,76-107,3,ALL
76-419,76-106,3,ALL
76-419,76-108,4,ALL
76-419,76-106,4,ALL
76-419,76-107,5,ALL
76-419,76-108,5,ALL
18-482,73-102,1,ALL
76-360,76-260,1,ALL
76-360,76-261,2,ALL
76-360,76-262,3,ALL
76-360,76-472,4,ALL
76-360,76-270,5,ALL
76-360,76-271,6,ALL
76-360,76-372,7,ALL
76-360,76-265,8,ALL
84-402,84-104,1,ANY
03-345,03-343,1,ALL
03-345,03-231,2,ANY
03-345,03-232,2,ANY
03-345,03-240,3,ANY
03-345,03-320,3,ANY
36-220,21-120,1,ANY
36-220,21-112,1,ANY
36-220,02-120,2,ANY
36-220,15-112,2,ANY
36-220,15-110,2,ANY
67-239,67-250,1,ALL
73-315,21-259,1,ANY
73-315,21-254,1,ANY
73-315,21-268,1,ANY
73-315,21-269,1,ANY
73-315,21-256,1,ANY
73-315,73-230,2,ALL
70-520,70-391,1,ALL
70-520,70-208,1,ALL
70-520,36-201,2,ALL
70-520,15-112,2,ALL
70-520,36-217,3,ALL
70-520,15-112,3,ALL
82-242,82-241,1,ALL
82-242,82-243,2,ALL
70-465,21-120,1,ALL
70-465,21-259,2,ANY
70-465,21-256,2,ANY
70-465,73-100,3,ALL
70-465,73-230,4,ALL
76-337,76-101,1,ALL
76-337,76-102,2,ALL
76-337,76-107,3,ALL
76-337,76-106,3,ALL
76-337,76-108,4,ALL
76-337,76-106,4,ALL
76-337,76-107,5,ALL
76-337,76-108,5,ALL
03-410,03-231,1,ALL
03-410,03-232,2,ALL
76-435,76-101,1,ALL
76-435,76-102,2,ALL
76-435,76-107,3,ALL
76-435,76-106,3,ALL
76-435,76-107,4,ALL
76-435,76-108,4,ALL
76-435,76-108,5,ALL
76-435,76-106,5,ALL
18-441,18-213,1,ANY
21-112,21-111,1,ANY
88-223,36-201,1,ALL
88-223,36-207,2,ALL
88-223,36-211,3,ALL
88-223,70-207,4,ALL
88-223,36-200,5,ALL
88-223,36-225,6,ALL
88-223,36-247,7,ALL
88-223,36-217,8,ALL
88-223,36-200,9,ALL
09-518,03-121,1,ANY
09-518,03-151,1,ANY
09-518,09-220,2,ANY
09-518,09-218,2,ANY
76-462,76-260,1,ALL
76-462,76-460,1,ALL
76-462,76-460,2,ALL
76-462,76-261,2,ALL
70-449,73-230,1,ANY
70-449,36-201,1,ANY
70-449,36-200,1,ANY
70-449,36-207,2,ANY
70-449,70-207,2,ANY
70-449,36-201,2,ANY
03-451,03-320,1,ANY
03-451,03-709,1,ANY
03-451,03-240,1,ANY
03-451,03-621,2,ANY
03-451,03-330,2,ANY
03-451,03-220,2,ANY
76-474,76-271,1,ALL
76-474,76-270,2,ALL
15-348,15-122,1,ANY
12-271,21-120,1,ALL
12-271,33-141,2,ALL
12-271,15-110,3,ANY
12-271,15-112,3,ANY
12-271,21-122,4,ALL
76-423,76-101,1,ALL
76-423,76-102,2,ALL
76-423,76-107,3,ALL
76-423,76-106,3,ALL
76-423,76-108,4,ALL
76-423,76-106,4,ALL
76-423,76-107,5,ALL
76-423,76-108,5,ALL
70-371,36-220,1,ALL
70-371,36-247,2,ALL
70-371,36-225,3,ALL
70-371,36-218,4,ALL
70-371,36-200,5,ALL
70-371,36-201,6,ALL
70-371,70-207,7,ALL
70-371,36-207,8,ALL
85-341,85-211,1,ANY
85-341,85-251,1,ANY
85-341,85-241,1,ANY
85-341,85-102,1,ANY
85-341,85-213,1,ANY
85-341,85-221,1,ANY
85-341,85-219,1,ANY
85-341,85-320,2,ANY
85-341,85-310,2,ANY
85-341,85-340,2,ANY
85-341,85-330,2,ANY
85-341,85-314,2,ANY
09-220,09-219,1,ANY
03-390,03-231,1,ANY
03-390,03-232,1,ANY
03-390,03-320,2,ANY
03-390,03-240,2,ANY
73-476,21-120,1,ALL
73-476,73-160,2,ANY
73-476,73-230,2,ANY
70-490,70-391,1,ALL
70-490,70-122,2,ALL
15-411,15-213,1,ANY
76-454,76-101,1,ALL
03-534,09-106,1,ALL
03-534,03-240,2,ANY
03-534,03-320,2,ANY
03-534,21-124,3,ANY
03-534,21-122,3,ANY
03-534,33-121,4,ANY
03-534,33-141,4,ANY
03-534,33-111,4,ANY
03-534,03-231,5,ANY
03-534,03-232,5,ANY
73-421,36-207,1,ANY
73-421,36-200,1,ANY
73-421,70-207,1,ANY
73-421,36-202,1,ANY
73-421,15-259,1,ANY
73-421,73-102,2,ANY
73-421,73-104,2,ANY
73-421,73-103,3,ALL
76-395,76-101,1,ANY
76-395,76-107,1,ANY
76-395,76-102,1,ANY
76-395,76-106,1,ANY
76-395,76-108,1,ANY
76-395,76-271,2,ANY
76-395,76-372,2,ANY
76-395,76-270,2,ANY
21-124,21-120,1,ALL
21-124,21-112,2,ALL
15-295,15-195,1,ANY
15-295,15-295,1,ANY
15-295,15-122,2,ALL
70-428,70-122,1,ANY
18-461,18-202,1,ALL
18-461,21-127,2,ALL
18-461,15-122,3,ALL
18-461,36-219,4,ANY
18-461,36-225,4,ANY
18-461,21-325,4,ANY
18-461,36-218,4,ANY
85-377,85-241,1,ANY
76-415,76-101,1,ALL
76-415,76-102,2,ALL
76-415,76-107,3,ALL
76-415,76-106,3,ALL
76-415,76-108,4,ALL
76-415,76-106,4,ALL
76-415,76-107,5,ALL
76-415,76-108,5,ALL
67-262,15-112,1,ALL
67-262,02-120,2,ALL
67-262,15-122,3,ALL
67-262,15-121,4,ALL
70-486,70-381,1,ALL
70-486,73-110,2,ANY
70-486,73-100,2,ANY
36-410,36-235,1,ALL
36-410,36-225,2,ALL
36-410,36-217,3,ALL
36-410,21-325,4,ALL
36-410,15-259,5,ALL
70-469,36-220,1,ANY
70-469,36-225,1,ANY
70-469,70-207,1,ANY
70-469,36-200,1,ANY
70-469,21-257,2,ANY
70-469,21-292,2,ANY
70-469,70-257,2,ANY
76-442,76-101,1,ALL
76-442,76-102,2,ALL
76-442,76-107,3,ALL
76-442,76-106,3,ALL
76-442,76-108,4,ALL
76-442,76-106,4,ALL
76-442,76-107,5,ALL
76-442,76-108,5,ALL
76-340,76-101,1,ALL
76-340,76-102,2,ALL
76-340,76-107,3,ALL
76-340,76-106,3,ALL
76-340,76-108,4,ALL
76-340,76-106,4,ALL
76-340,76-107,5,ALL
76-340,76-108,5,ALL
03-365,03-161,1,ALL
03-365,03-320,2,ALL
03-365,03-240,3,ALL
03-365,85-219,4,ALL
82-235,82-231,1,ALL
82-235,82-135,2,ALL
03-220,03-151,1,ALL
03-220,03-121,2,ALL
76-439,76-101,1,ALL
76-439,76-102,2,ALL
76-439,76-107,3,ALL
76-439,76-106,3,ALL
76-439,76-108,4,ALL
76-439,76-106,4,ALL
76-439,76-107,5,ALL
76-439,76-108,5,ALL
18-334,18-330,1,ALL
18-334,15-330,2,ALL
82-327,82-320,1,ALL
82-327,82-324,2,ALL
82-327,82-323,3,ALL
76-317,76-101,1,ALL
76-317,76-102,2,ALL
76-317,76-107,3,ALL
76-317,76-106,3,ALL
76-317,76-108,4,ALL
76-317,76-106,4,ALL
76-317,76-107,5,ALL
76-317,76-108,5,ALL
82-262,82-261,1,ANY
21-325,21-127,1,ANY
21-325,15-150,1,ANY
21-325,21-128,1,ANY
21-325,21-259,2,ANY
21-325,21-268,2,ANY
21-325,21-256,2,ANY
21-325,21-269,2,ANY
76-481,76-271,1,ANY
76-481,76-270,1,ANY
76-481,76-391,2,ANY
76-481,51-261,2,ANY
76-481,51-262,2,ANY
21-260,21-122,1,ANY
24-311,21-254,1,ALL
24-311,21-260,2,ALL
82-331,82-235,1,ALL
82-331,82-232,2,ALL
70-453,70-110,1,ALL
70-453,70-451,2,ALL
02-261,15-112,1,ALL
02-261,02-120,2,ALL
76-244,76-101,1,ALL
76-244,76-102,2,ALL
76-244,76-107,3,ALL
76-244,76-106,3,ALL
76-244,76-108,4,ALL
76-244,76-106,4,ALL
76-244,76-107,5,ALL
76-244,76-108,5,ALL
76-356,76-101,1,ALL
76-356,76-102,2,ALL
76-356,76-107,3,ALL
76-356,76-106,3,ALL
76-356,76-107,4,ALL
76-356,76-108,4,ALL
76-356,76-108,5,ALL
76-356,76-106,5,ALL
73-374,21-259,1,ANY
73-374,21-254,1,ANY
73-374,21-268,1,ANY
73-374,21-269,1,ANY
73-374,21-256,1,ANY
73-374,73-230,2,ALL
73-374,73-274,3,ALL
16-311,18-202,1,ALL
16-311,21-241,2,ALL
16-311,21-260,3,ALL
16-311,24-311,4,ALL
98-150,51-122,1,ALL
98-150,48-135,2,ALL
76-424,76-101,1,ALL
76-424,76-102,2,ALL
76-424,76-107,3,ALL
76-424,76-106,3,ALL
76-424,76-107,4,ALL
76-424,76-108,4,ALL
76-424,76-108,5,ALL
76-424,76-106,5,ALL
70-458,70-455,1,ANY
21-441,21-241,1,ANY
21-441,21-242,1,ANY
21-441,21-373,2,ALL
73-328,21-120,1,ALL
73-328,73-102,2,ANY
73-328,73-104,2,ANY
21-292,21-122,1,ALL
21-292,21-241,2,ANY
21-292,21-240,2,ANY
21-292,21-242,2,ANY
21-292,15-251,3,ANY
21-292,21-228,3,ANY
76-473,76-101,1,ALL
76-473,76-102,2,ALL
76-473,76-107,3,ALL
76-473,76-106,3,ALL
76-473,76-106,4,ALL
76-473,76-108,4,ALL
76-473,76-107,5,ALL
76-473,76-108,5,ALL
70-321,76-102,1,ALL
70-321,76-101,2,ALL
70-321,76-107,3,ALL
70-321,76-106,3,ALL
70-321,76-108,4,ALL
70-321,76-106,4,ALL
70-321,76-107,5,ALL
70-321,76-108,5,ALL
18-411,15-110,1,ANY
18-411,15-112,1,ANY
18-411,21-120,2,ALL
76-259,76-239,1,ANY
67-212,15-112,1,ANY
67-357,36-200,1,ANY
70-337,73-102,1,ANY
70-337,73-104,1,ANY
70-337,73-103,2,ALL
76-465,76-365,1,ANY
09-231,09-107,1,ANY
09-231,09-106,1,ANY
09-231,21-124,2,ANY
09-231,21-122,2,ANY
15-498,21-241,1,ALL
15-498,15-122,2,ALL
15-498,36-217,3,ALL
67-300,15-122,1,ALL
67-300,15-121,2,ALL
85-350,85-150,1,ANY
85-350,85-241,1,ANY
85-350,36-309,2,ANY
85-350,85-309,2,ANY
85-350,85-300,3,ALL
03-250,03-131,1,ANY
03-250,03-121,1,ANY
03-250,03-151,1,ANY
03-250,15-110,2,ANY
03-250,02-201,2,ANY
03-250,15-112,2,ANY
76-275,76-101,1,ALL
76-275,76-102,2,ALL
76-275,76-107,3,ALL
76-275,76-106,3,ALL
76-275,76-106,4,ALL
76-275,76-108,4,ALL
76-275,76-107,5,ALL
76-275,76-108,5,ALL
02-250,15-110,1,ANY
02-250,02-120,1,ANY
02-250,15-112,1,ANY
02-250,03-131,2,ANY
02-250,03-121,2,ANY
02-250,03-151,2,ANY
76-330,76-101,1,ALL
76-330,76-102,2,ALL
76-330,76-107,3,ALL
76-330,76-106,3,ALL
76-330,76-108,4,ALL
76-330,76-106,4,ALL
76-330,76-107,5,ALL
76-330,76-108,5,ALL
70-462,36-200,1,ALL
70-462,36-201,2,ALL
70-462,70-207,3,ALL
70-462,36-220,4,ALL
70-462,36-225,5,ALL
70-462,36-207,6,ALL
42-202,03-151,1,ALL
42-202,03-121,2,ALL
76-449,76-101,1,ALL
76-449,76-102,2,ALL
76-449,76-107,3,ALL
76-449,76-106,3,ALL
76-449,76-108,4,ALL
76-449,76-106,4,ALL
76-449,76-107,5,ALL
76-449,76-108,5,ALL
76-388,76-101,1,ALL
76-388,76-102,2,ALL
76-388,76-107,3,ALL
76-388,76-106,3,ALL
76-388,76-108,4,ALL
76-388,76-106,4,ALL
76-388,76-107,5,ALL
76-388,76-108,5,ALL
82-212,82-211,1,ANY
15-322,15-122,1,ALL
15-322,15-112,2,ALL
76-367,76-101,1,ALL
76-367,76-102,2,ALL
76-367,76-107,3,ALL
76-367,76-106,3,ALL
76-367,76-106,4,ALL
76-367,76-108,4,ALL
76-367,76-107,5,ALL
76-367,76-108,5,ALL
15-288,15-112,1,ANY
05-410,85-241,1,ALL
05-410,85-211,2,ALL
05-410,85-213,3,ALL
05-410,88-120,4,ALL
05-410,85-370,5,ALL
05-410,85-408,6,ALL
05-410,85-421,7,ALL
05-410,85-251,8,ALL
84-393,84-104,1,ANY
21-355,21-127,1,ANY
21-355,15-151,1,ANY
21-355,21-128,1,ANY
21-355,21-122,2,ALL
76-371,76-101,1,ALL
76-371,76-102,2,ALL
76-371,76-107,3,ALL
76-371,76-106,3,ALL
76-371,76-107,4,ALL
76-371,76-108,4,ALL
67-443,67-272,1,ANY
76-408,76-101,1,ALL
76-408,76-102,2,ALL
76-408,76-107,3,ALL
76-408,76-106,3,ALL
76-408,76-107,4,ALL
76-408,76-108,4,ALL
76-408,76-108,5,ALL
76-408,76-106,5,ALL
73-353,21-259,1,ANY
73-353,21-254,1,ANY
73-353,21-268,1,ANY
73-353,21-269,1,ANY
73-353,21-256,1,ANY
73-353,73-230,2,ALL
76-263,76-101,1,ALL
76-263,76-102,2,ALL
76-263,76-107,3,ALL
76-263,76-106,3,ALL
76-263,76-108,4,ALL
76-263,76-106,4,ALL
76-263,76-107,5,ALL
76-263,76-108,5,ALL
76-326,76-101,1,ALL
76-326,76-102,2,ALL
76-326,76-107,3,ALL
76-326,76-106,3,ALL
76-326,76-108,4,ALL
76-326,76-106,4,ALL
76-326,76-107,5,ALL
76-326,76-108,5,ALL
16-385,18-202,1,ALL
16-385,15-122,1,ALL
16-385,21-259,2,ALL
16-385,21-241,2,ALL
16-385,15-122,2,ALL
16-385,21-241,3,ALL
16-385,15-122,3,ALL
16-385,21-256,3,ALL
16-385,24-282,4,ALL
16-385,21-241,4,ALL
16-385,15-122,4,ALL
16-385,21-254,5,ALL
16-385,21-241,5,ALL
16-385,15-122,5,ALL
17-413,17-313,1,ANY
36-303,36-208,1,ALL
36-303,36-202,2,ALL
36-303,36-309,3,ALL
36-303,36-220,4,ALL
36-303,36-218,5,ALL
36-303,36-326,6,ALL
36-303,70-208,7,ALL
36-303,36-236,8,ALL
36-303,36-226,9,ALL
80-411,21-300,1,ALL
80-411,80-311,2,ALL
80-411,80-310,3,ALL
76-428,76-101,1,ALL
76-428,76-102,2,ALL
76-428,76-107,3,ALL
76-428,76-106,3,ALL
76-428,76-108,4,ALL
76-428,76-106,4,ALL
76-428,76-107,5,ALL
76-428,76-108,5,ALL
48-500,48-410,1,ANY
76-351,76-101,1,ALL
76-351,76-102,2,ALL
76-351,76-107,3,ALL
76-351,76-106,3,ALL
76-351,76-108,4,ALL
76-351,76-106,4,ALL
76-351,76-107,5,ALL
76-351,76-108,5,ALL
15-314,15-251,1,ALL
15-314,15-312,2,ALL
15-314,15-150,3,ALL
03-231,03-151,1,ALL
03-231,03-121,2,ALL
15-251,15-122,1,ANY
15-251,15-150,1,ANY
15-251,21-127,2,ANY
15-251,15-151,2,ANY
15-251,21-128,2,ANY
76-490,76-101,1,ALL
76-490,76-102,2,ALL
76-490,76-107,3,ALL
76-490,76-106,3,ALL
76-490,76-108,4,ALL
76-490,76-106,4,ALL
76-490,76-107,5,ALL
76-490,76-108,5,ALL
73-332,73-160,1,ANY
73-332,73-230,1,ANY
73-332,70-207,2,ANY
73-332,36-201,2,ANY
73-332,36-200,2,ANY
76-486,76-373,1,ALL
76-486,76-101,1,ALL
76-486,76-373,2,ALL
76-486,76-102,2,ALL
76-486,76-107,3,ALL
76-486,76-373,3,ALL
76-486,76-106,3,ALL
76-486,76-107,4,ALL
76-486,76-373,4,ALL
76-486,76-108,4,ALL
76-486,76-373,5,ALL
76-486,76-108,5,ALL
76-486,76-106,5,ALL
36-207,21-112,1,ALL
36-207,21-121,2,ALL
36-207,21-120,3,ALL
76-469,76-269,1,ANY
76-310,76-239,1,ANY
70-442,36-207,1,ANY
70-442,70-207,1,ANY
70-442,73-230,2,ANY
70-442,80-305,2,ANY
82-320,82-222,1,ANY
33-225,33-107,1,ALL
33-225,33-132,2,ALL
33-225,33-122,3,ALL
33-225,33-142,4,ALL
33-225,33-152,5,ALL
33-225,33-112,6,ALL
15-210,15-150,1,ALL
15-210,15-122,2,ALL
36-315,36-202,1,ALL
36-315,36-208,2,ALL
36-315,36-219,3,ALL
36-315,21-325,4,ALL
36-315,36-235,5,ALL
36-315,36-309,6,ALL
36-315,36-225,7,ALL
36-315,36-218,8,ALL
36-315,70-208,9,ALL
36-315,15-259,10,ALL
73-365,21-259,1,ANY
73-365,21-254,1,ANY
73-365,21-268,1,ANY
73-365,21-269,1,ANY
73-365,21-256,1,ANY
73-365,73-230,2,ALL
15-181,15-112,1,ALL
15-181,15-110,2,ALL
03-362,03-161,1,ALL
03-362,03-320,2,ALL
03-362,42-202,3,ALL
03-362,85-219,4,ALL
03-362,03-230,5,ALL
67-475,67-373,1,ALL
76-347,76-101,1,ALL
76-347,76-102,2,ALL
76-347,76-107,3,ALL
76-347,76-106,3,ALL
76-347,76-107,4,ALL
76-347,76-108,4,ALL
76-347,76-108,5,ALL
76-347,76-106,5,ALL
76-202,76-102,1,ALL
76-202,76-101,2,ALL
76-202,76-108,3,ALL
76-202,76-107,4,ALL
76-202,76-106,5,ALL
82-232,82-231,1,ANY
76-445,76-101,1,ALL
76-445,76-102,2,ALL
76-445,76-107,3,ALL
76-445,76-106,3,ALL
76-445,76-106,4,ALL
76-445,76-108,4,ALL
76-445,76-107,5,ALL
76-445,76-108,5,ALL
70-481,70-208,1,ANY
70-481,36-202,1,ANY
70-481,70-381,2,ALL
76-412,76-101,1,ALL
76-412,76-102,2,ALL
76-412,76-107,3,ALL
76-412,76-106,3,ALL
76-412,76-108,4,ALL
76-412,76-106,4,ALL
76-412,76-107,5,ALL
76-412,76-108,5,ALL
70-340,76-102,1,ALL
70-340,76-101,2,ALL
70-340,76-107,3,ALL
70-340,76-106,3,ALL
70-340,76-108,4,ALL
70-340,76-106,4,ALL
70-340,76-107,5,ALL
70-340,76-108,5,ALL
76-384,76-101,1,ALL
76-384,76-102,2,ALL
76-384,76-107,3,ALL
76-384,76-106,3,ALL
76-384,76-107,4,ALL
76-384,76-108,4,ALL
76-384,76-108,5,ALL
76-384,76-106,5,ALL
88-341,36-201,1,ALL
88-341,36-200,2,ALL
88-341,36-207,3,ALL
88-341,36-220,4,ALL
88-341,70-207,5,ALL
88-341,36-225,6,ALL
88-341,36-247,7,ALL
88-341,36-217,8,ALL
76-404,76-101,1,ALL
76-404,76-102,2,ALL
76-404,76-107,3,ALL
76-404,76-106,3,ALL
76-404,76-108,4,ALL
76-404,76-106,4,ALL
76-404,76-107,5,ALL
76-404,76-108,5,ALL
15-441,15-213,1,ANY
76-238,76-101,1,ALL
76-238,76-102,2,ALL
76-238,76-107,3,ALL
76-238,76-106,3,ALL
76-238,76-108,4,ALL
76-238,76-106,4,ALL
76-238,76-107,5,ALL
76-238,76-108,5,ALL
76-392,76-101,1,ALL
76-392,76-102,2,ALL
76-392,76-107,3,ALL
76-392,76-106,3,ALL
76-392,76-106,4,ALL
76-392,76-108,4,ALL
76-392,76-107,5,ALL
76-392,76-108,5,ALL
09-207,09-106,1,ALL
09-207,09-107,2,ALL
76-453,76-101,1,ALL
76-453,76-102,2,ALL
76-453,76-107,3,ALL
76-453,76-106,3,ALL
76-453,76-107,4,ALL
76-453,76-108,4,ALL
76-453,76-108,5,ALL
76-453,76-106,5,ALL
70-497,70-391,1,ALL
70-497,21-370,2,ALL
36-401,36-218,1,ANY
36-401,36-236,1,ANY
36-401,36-326,1,ANY
36-401,15-259,1,ANY
36-401,36-226,1,ANY
36-401,21-241,2,ANY
36-401,21-240,2,ANY
36-401,21-242,2,ANY
76-280,76-101,1,ALL
76-280,76-102,2,ALL
76-280,76-107,3,ALL
76-280,76-106,3,ALL
76-280,76-108,4,ALL
76-280,76-106,4,ALL
76-280,76-107,5,ALL
76-280,76-108,5,ALL
88-300,36-201,1,ALL
88-300,36-200,2,ALL
70-496,70-391,1,ANY
15-381,15-122,1,ALL
18-099,18-090,1,ALL
18-099,15-104,2,ALL
18-099,62-150,3,ALL
76-281,76-101,1,ALL
76-281,76-102,2,ALL
76-281,76-107,3,ALL
76-281,76-106,3,ALL
76-281,76-108,4,ALL
76-281,76-106,4,ALL
76-281,76-107,5,ALL
76-281,76-108,5,ALL
76-452,76-101,1,ALL
76-452,76-102,2,ALL
76-452,76-107,3,ALL
76-452,76-106,3,ALL
76-452,76-108,4,ALL
76-452,76-106,4,ALL
76-452,76-107,5,ALL
76-452,76-108,5,ALL
76-393,76-101,1,ALL
76-393,76-102,2,ALL
76-393,76-107,3,ALL
76-393,76-106,3,ALL
76-393,76-107,4,ALL
76-393,76-108,4,ALL
76-393,76-108,5,ALL
76-393,76-106,5,ALL
73-427,73-102,1,ANY
73-427,73-104,1,ANY
73-427,73-100,1,ANY
73-427,36-207,2,ANY
73-427,36-200,2,ANY
73-427,36-217,2,ANY
73-427,70-207,2,ANY
73-427,36-220,2,ANY
73-427,36-225,2,ANY
73-427,36-202,2,ANY
21-122,21-120,1,ALL
21-122,21-112,2,ALL
15-440,15-213,1,ANY
76-405,76-101,1,ALL
76-405,76-102,2,ALL
76-405,76-107,3,ALL
76-405,76-106,3,ALL
76-405,76-108,4,ALL
76-405,76-106,4,ALL
76-405,76-107,5,ALL
76-405,76-108,5,ALL
15-155,15-110,1,ALL
15-155,15-104,2,ALL
15-155,15-112,3,ALL
67-272,15-122,1,ANY
67-272,15-121,1,ANY
67-272,67-262,2,ALL
76-385,76-101,1,ALL
76-385,76-102,2,ALL
76-385,76-107,3,ALL
76-385,76-106,3,ALL
76-385,76-107,4,ALL
76-385,76-108,4,ALL
76-385,76-108,5,ALL
76-385,76-106,5,ALL
70-438,73-102,1,ANY
70-438,73-104,1,ANY
70-438,73-100,1,ANY
70-438,70-414,2,ANY
70-438,70-425,2,ANY
70-438,70-421,2,ANY
70-438,70-420,2,ANY
70-438,70-415,2,ANY
70-438,15-390,2,ANY
85-408,85-219,1,ALL
85-408,85-211,2,ALL
85-408,85-213,3,ALL
76-413,76-101,1,ALL
76-413,76-102,2,ALL
76-413,76-107,3,ALL
76-413,76-106,3,ALL
76-413,76-108,4,ALL
76-413,76-106,4,ALL
76-413,76-107,5,ALL
76-413,76-108,5,ALL
70-341,36-200,1,ALL
70-341,36-201,2,ALL
70-341,36-207,3,ALL
70-341,36-220,4,ALL
70-341,70-207,5,ALL
70-341,36-225,6,ALL
70-341,36-247,7,ALL
70-341,36-217,8,ALL
73-348,36-207,1,ANY
73-348,36-200,1,ANY
73-348,36-217,1,ANY
73-348,70-207,1,ANY
73-348,36-225,1,ANY
73-348,21-120,2,ALL
73-348,73-102,3,ANY
73-348,73-104,3,ANY
73-348,73-100,3,ANY
70-204,70-105,1,ALL
70-204,70-104,2,ALL
88-252,36-202,1,ALL
88-252,85-309,2,ALL
88-252,70-208,3,ALL
88-252,36-309,4,ALL
76-297,76-101,1,ALL
76-297,76-102,2,ALL
76-297,76-107,3,ALL
76-297,76-106,3,ALL
76-297,76-108,4,ALL
76-297,76-106,4,ALL
76-297,76-107,5,ALL
76-297,76-108,5,ALL
76-444,76-101,1,ALL
76-444,76-102,2,ALL
76-444,76-107,3,ALL
76-444,76-106,3,ALL
76-444,76-107,4,ALL
76-444,76-108,4,ALL
76-444,76-108,5,ALL
76-444,76-106,5,ALL
48-215,48-100,1,ANY
03-363,03-161,1,ALL
03-363,85-219,2,ALL
03-363,03-230,3,ALL
03-363,03-240,4,ALL
03-363,42-202,5,ALL
03-363,03-320,6,ALL
67-474,67-272,1,ANY
76-346,76-101,1,ALL
76-346,76-102,2,ALL
76-346,76-107,3,ALL
76-346,76-106,3,ALL
76-346,76-108,4,ALL
76-346,76-106,4,ALL
76-346,76-107,5,ALL
76-346,76-108,5,ALL
76-203,76-101,1,ALL
76-203,76-102,2,ALL
76-203,76-107,3,ALL
76-203,76-106,3,ALL
76-203,76-108,4,ALL
76-203,76-106,4,ALL
76-203,76-107,5,ALL
76-203,76-108,5,ALL
82-399,82-242,1,ANY
76-311,76-101,1,ALL
76-311,76-102,2,ALL
76-311,76-107,3,ALL
76-311,76-106,3,ALL
76-311,76-108,4,ALL
76-311,76-106,4,ALL
76-311,76-107,5,ALL
76-311,76-108,5,ALL
33-224,33-131,1,ALL
33-224,33-111,2,ALL
33-224,33-121,3,ALL
33-224,33-151,4,ALL
33-224,33-106,5,ALL
33-224,33-141,6,ALL
76-254,76-101,1,ALL
76-254,76-102,2,ALL
76-254,76-107,3,ALL
76-254,76-106,3,ALL
76-254,76-107,4,ALL
76-254,76-108,4,ALL
76-254,76-108,5,ALL
76-254,76-106,5,ALL
76-487,76-101,1,ANY
76-487,76-272,1,ANY
76-487,76-102,1,ANY
76-487,76-270,1,ANY
76-487,76-271,1,ANY
76-487,76-391,2,ANY
76-487,51-261,2,ANY
76-487,76-382,2,ANY
76-487,51-262,2,ANY
21-266,21-122,1,ALL
21-266,21-241,2,ANY
21-266,21-242,2,ANY
76-468,76-101,1,ALL
76-468,76-102,2,ALL
76-468,76-107,3,ALL
76-468,76-106,3,ALL
76-468,76-108,4,ALL
76-468,76-106,4,ALL
76-468,76-107,5,ALL
76-468,76-108,5,ALL
80-514,80-413,1,ANY
70-455,15-110,1,ALL
70-455,15-104,2,ALL
70-455,15-112,3,ALL
70-455,70-110,4,ALL
76-307,76-306,1,ANY
33-232,33-231,1,ANY
82-272,82-271,1,ANY
76-491,76-101,1,ALL
76-491,76-102,2,ALL
76-491,76-107,3,ALL
76-491,76-106,3,ALL
76-491,76-108,4,ALL
76-491,76-106,4,ALL
76-491,76-107,5,ALL
76-491,76-108,5,ALL
07-300,76-101,1,ALL
07-300,76-102,2,ALL
07-300,76-107,3,ALL
07-300,76-106,3,ALL
07-300,76-108,4,ALL
07-300,76-106,4,ALL
07-300,76-107,5,ALL
07-300,76-108,5,ALL
21-270,21-120,1,ALL
21-270,21-112,2,ALL
76-350,76-101,1,ALL
76-350,76-102,2,ALL
76-350,76-107,3,ALL
76-350,76-106,3,ALL
76-350,76-108,4,ALL
76-350,76-106,4,ALL
76-350,76-107,5,ALL
76-350,76-108,5,ALL
79-411,76-101,1,ALL
79-411,79-279,2,ANY
79-411,79-209,2,ANY
79-411,79-284,2,ANY
79-411,79-216,2,ANY
79-411,79-361,2,ANY
79-411,79-104,2,ANY
79-411,79-210,2,ANY
79-411,79-378,2,ANY
79-411,79-307,2,ANY
79-411,79-294,2,ANY
79-411,79-285,2,ANY
03-230,03-151,1,ALL
03-230,03-121,2,ALL
73-372,21-259,1,ANY
73-372,21-256,1,ANY
73-372,21-268,1,ANY
73-372,21-269,1,ANY
73-372,73-240,2,ALL
70-394,70-391,1,ANY
76-429,76-101,1,ALL
76-429,76-102,2,ALL
76-429,76-107,3,ALL
76-429,76-106,3,ALL
76-429,76-108,4,ALL
76-429,76-106,4,ALL
76-429,76-107,5,ALL
76-429,76-108,5,ALL
73-240,73-102,1,ANY
73-240,73-104,1,ANY
73-240,73-100,1,ANY
73-240,73-103,2,ALL
73-240,21-259,3,ANY
73-240,21-256,3,ANY
73-240,21-254,3,ANY
76-262,76-101,1,ALL
76-262,76-102,2,ALL
76-262,76-107,3,ALL
76-262,76-106,3,ALL
76-262,76-108,4,ALL
76-262,76-106,4,ALL
76-262,76-107,5,ALL
76-262,76-108,5,ALL
15-362,15-122,1,ALL
15-362,21-240,1,ALL
15-362,21-122,1,ALL
15-362,21-241,2,ALL
15-362,15-122,2,ALL
15-362,21-122,2,ALL
15-362,21-254,3,ALL
15-362,15-122,3,ALL
15-362,15-122,4,ALL
15-362,18-202,4,ALL
76-327,76-101,1,ALL
76-327,76-102,2,ALL
76-327,76-107,3,ALL
76-327,76-106,3,ALL
76-327,76-108,4,ALL
76-327,76-106,4,ALL
76-327,76-107,5,ALL
76-327,76-108,5,ALL
16-384,15-122,1,ALL
16-384,16-311,2,ALL
16-384,24-311,3,ALL
16-384,21-241,4,ALL
16-384,18-202,5,ALL
73-352,21-259,1,ANY
73-352,21-254,1,ANY
73-352,21-268,1,ANY
73-352,21-269,1,ANY
73-352,21-256,1,ANY
73-352,73-230,2,ALL
27-410,21-120,1,ALL
27-410,21-122,2,ALL
27-410,15-110,3,ANY
27-410,15-122,3,ANY
27-410,15-112,3,ANY
27-410,21-260,4,ALL
27-410,21-259,5,ALL
05-391,15-112,1,ALL
05-391,15-122,2,ALL
05-391,15-104,3,ALL
05-391,15-110,4,ALL
70-422,70-122,1,ALL
70-422,36-207,2,ANY
70-422,70-207,2,ANY
70-422,36-201,2,ANY
70-422,36-200,2,ANY
03-355,03-240,1,ANY
70-208,70-207,1,ALL
70-208,36-200,2,ALL
70-208,36-201,3,ALL
70-208,36-218,4,ALL
70-208,36-220,5,ALL
70-208,36-247,6,ALL
70-208,36-207,7,ALL
10-301,15-122,1,ANY
10-301,15-121,1,ANY
10-301,21-127,2,ANY
10-301,15-151,2,ANY
10-301,21-128,2,ANY
10-301,36-218,3,ANY
10-301,36-219,3,ANY
10-301,15-359,3,ANY
10-301,21-325,3,ANY
10-301,36-217,3,ANY
10-301,36-235,3,ANY
10-301,36-220,3,ANY
10-301,36-225,3,ANY
10-301,15-259,3,ANY
76-389,76-101,1,ALL
76-389,76-102,2,ALL
76-389,76-107,3,ALL
76-389,76-106,3,ALL
76-389,76-108,4,ALL
76-389,76-106,4,ALL
76-389,76-107,5,ALL
76-389,76-108,5,ALL
03-206,03-121,1,ANY
03-206,03-151,1,ANY
03-206,42-101,2,ALL
03-343,03-231,1,ANY
03-343,03-232,1,ANY
03-343,09-223,2,ANY
03-343,09-208,2,ANY
03-343,QC-211,2,ANY
03-343,09-222,2,ANY
76-366,76-101,1,ALL
76-366,76-102,2,ALL
76-366,76-107,3,ALL
76-366,76-106,3,ALL
76-366,76-108,4,ALL
76-366,76-106,4,ALL
76-366,76-107,5,ALL
76-366,76-108,5,ALL
42-203,42-101,1,ALL
42-203,03-121,2,ANY
42-203,03-151,2,ANY
36-226,36-225,1,ALL
36-226,36-219,2,ALL
36-226,36-217,3,ALL
36-226,36-218,4,ALL
36-226,15-259,5,ALL
36-226,21-325,6,ALL
18-345,36-217,1,ANY
18-345,36-212,1,ANY
18-345,36-226,1,ANY
18-345,18-213,2,ALL
76-448,76-101,1,ALL
76-448,76-102,2,ALL
76-448,76-107,3,ALL
76-448,76-106,3,ALL
76-448,76-108,4,ALL
76-448,76-106,4,ALL
76-448,76-107,5,ALL
76-448,76-108,5,ALL
03-251,03-151,1,ALL
03-251,03-121,2,ALL
02-251,02-120,1,ANY
02-251,15-112,1,ANY
02-251,21-127,2,ANY
02-251,15-151,2,ANY
02-251,21-128,2,ANY
76-331,76-101,1,ALL
76-331,76-102,2,ALL
76-331,76-107,3,ALL
76-331,76-106,3,ALL
76-331,76-107,4,ALL
76-331,76-108,4,ALL
76-331,76-108,5,ALL
76-331,76-106,5,ALL
76-433,76-101,1,ANY
67-301,67-272,1,ANY
03-380,03-240,1,ALL
03-380,03-320,2,ALL
36-461,36-401,1,ANY
76-464,76-260,1,ALL
76-464,76-261,2,ALL
76-464,76-265,3,ALL
76-464,76-460,4,ALL
76-464,76-365,5,ALL
76-464,76-262,6,ALL
33-228,33-107,1,ALL
33-228,33-132,2,ALL
33-228,33-122,3,ALL
33-228,33-142,4,ALL
33-228,33-152,5,ALL
33-228,33-112,6,ALL
03-512,03-121,1,ANY
03-512,03-151,1,ANY
03-512,15-122,2,ALL
15-122,15-112,1,ANY
76-472,76-372,1,ANY
85-310,85-110,1,ANY
85-310,85-211,1,ANY
85-310,85-213,1,ANY
85-310,36-309,2,ANY
85-310,85-309,2,ANY
85-310,85-311,3,ANY
85-310,85-320,3,ANY
85-310,85-340,3,ANY
85-310,85-300,3,ANY
85-310,85-314,3,ANY
70-398,70-391,1,ANY
03-545,03-445,1,ANY
67-317,15-121,1,ANY
67-317,15-122,1,ANY
67-317,67-272,2,ALL
76-425,76-101,1,ALL
76-425,76-102,2,ALL
76-425,76-107,3,ALL
76-425,76-106,3,ALL
76-425,76-108,4,ALL
76-425,76-106,4,ALL
76-425,76-107,5,ALL
76-425,76-108,5,ALL
73-407,21-268,1,ANY
73-407,21-256,1,ANY
73-407,21-259,1,ANY
73-407,21-269,1,ANY
73-407,36-309,2,ANY
73-407,36-208,2,ANY
73-407,70-208,2,ANY
73-407,36-202,2,ANY
